school_name,district,city,channel_group,utm_source,utm_medium,utm_campaign,utm_content,apply_url
Abdülhamid Han Ortaokulu,KARATAY,Konya,outdoor_qr,konya_outdoor,qr,bursluluk_2026_school_coverage,karatay-abdulhamid-han-ortaokulu,https://teachera.com.tr/bursluluk-2026?utm_source=konya_outdoor&utm_medium=qr&utm_campaign=bursluluk_2026_school_coverage&utm_content=karatay-abdulhamid-han-ortaokulu&utm_term=karatay
Akabe İlkokulu,KARATAY,Konya,mall_screen,konya_avm,screen,bursluluk_2026_school_coverage,karatay-akabe-ilkokulu,https://teachera.com.tr/bursluluk-2026?utm_source=konya_avm&utm_medium=screen&utm_campaign=bursluluk_2026_school_coverage&utm_content=karatay-akabe-ilkokulu&utm_term=karatay
Akabe İmam Hatip Ortaokulu,KARATAY,Konya,social_paid,instagram,paid_social,bursluluk_2026_school_coverage,karatay-akabe-imam-hatip-ortaokulu,https://teachera.com.tr/bursluluk-2026?utm_source=instagram&utm_medium=paid_social&utm_campaign=bursluluk_2026_school_coverage&utm_content=karatay-akabe-imam-hatip-ortaokulu&utm_term=karatay
Akçesme İlkokulu,KARATAY,Konya,social_paid,facebook,paid_social,bursluluk_2026_school_coverage,karatay-akcesme-ilkokulu,https://teachera.com.tr/bursluluk-2026?utm_source=facebook&utm_medium=paid_social&utm_campaign=bursluluk_2026_school_coverage&utm_content=karatay-akcesme-ilkokulu&utm_term=karatay
Akif Paşa İlkokulu,KARATAY,Konya,social_paid,youtube,paid_social,bursluluk_2026_school_coverage,karatay-akif-pasa-ilkokulu,https://teachera.com.tr/bursluluk-2026?utm_source=youtube&utm_medium=paid_social&utm_campaign=bursluluk_2026_school_coverage&utm_content=karatay-akif-pasa-ilkokulu&utm_term=karatay
Alaeddin Keykubad İmam Hatip Ortaokulu,KARATAY,Konya,outdoor_qr,konya_outdoor,qr,bursluluk_2026_school_coverage,karatay-alaeddin-keykubad-imam-hatip-ortaokulu,https://teachera.com.tr/bursluluk-2026?utm_source=konya_outdoor&utm_medium=qr&utm_campaign=bursluluk_2026_school_coverage&utm_content=karatay-alaeddin-keykubad-imam-hatip-ortaokulu&utm_term=karatay
Aliye-Hüseyin Tekbaş İlkokulu,KARATAY,Konya,mall_screen,konya_avm,screen,bursluluk_2026_school_coverage,karatay-aliye-huseyin-tekbas-ilkokulu,https://teachera.com.tr/bursluluk-2026?utm_source=konya_avm&utm_medium=screen&utm_campaign=bursluluk_2026_school_coverage&utm_content=karatay-aliye-huseyin-tekbas-ilkokulu&utm_term=karatay
Aynur Kasabalı İlkokulu,KARATAY,Konya,social_paid,instagram,paid_social,bursluluk_2026_school_coverage,karatay-aynur-kasabali-ilkokulu,https://teachera.com.tr/bursluluk-2026?utm_source=instagram&utm_medium=paid_social&utm_campaign=bursluluk_2026_school_coverage&utm_content=karatay-aynur-kasabali-ilkokulu&utm_term=karatay
Ayşe Hüseyin Özkan İlkokulu,KARATAY,Konya,social_paid,facebook,paid_social,bursluluk_2026_school_coverage,karatay-ayse-huseyin-ozkan-ilkokulu,https://teachera.com.tr/bursluluk-2026?utm_source=facebook&utm_medium=paid_social&utm_campaign=bursluluk_2026_school_coverage&utm_content=karatay-ayse-huseyin-ozkan-ilkokulu&utm_term=karatay
Ayşe Hüseyin Özkan İmam Hatip Ortaokulu,KARATAY,Konya,social_paid,youtube,paid_social,bursluluk_2026_school_coverage,karatay-ayse-huseyin-ozkan-imam-hatip-ortaokulu,https://teachera.com.tr/bursluluk-2026?utm_source=youtube&utm_medium=paid_social&utm_campaign=bursluluk_2026_school_coverage&utm_content=karatay-ayse-huseyin-ozkan-imam-hatip-ortaokulu&utm_term=karatay
Ayşe-Hüseyin Özkan Ortaokulu,KARATAY,Konya,outdoor_qr,konya_outdoor,qr,bursluluk_2026_school_coverage,karatay-ayse-huseyin-ozkan-ortaokulu,https://teachera.com.tr/bursluluk-2026?utm_source=konya_outdoor&utm_medium=qr&utm_campaign=bursluluk_2026_school_coverage&utm_content=karatay-ayse-huseyin-ozkan-ortaokulu&utm_term=karatay
Birol Polat İlkokulu,KARATAY,Konya,mall_screen,konya_avm,screen,bursluluk_2026_school_coverage,karatay-birol-polat-ilkokulu,https://teachera.com.tr/bursluluk-2026?utm_source=konya_avm&utm_medium=screen&utm_campaign=bursluluk_2026_school_coverage&utm_content=karatay-birol-polat-ilkokulu&utm_term=karatay
Bozkırlılar Vakfı İmam Hatip Ortaokulu,KARATAY,Konya,social_paid,instagram,paid_social,bursluluk_2026_school_coverage,karatay-bozkirlilar-vakfi-imam-hatip-ortaokulu,https://teachera.com.tr/bursluluk-2026?utm_source=instagram&utm_medium=paid_social&utm_campaign=bursluluk_2026_school_coverage&utm_content=karatay-bozkirlilar-vakfi-imam-hatip-ortaokulu&utm_term=karatay
Bozkırlılar Vakfı Kız Anadolu İmam Hatip Lisesi,KARATAY,Konya,social_paid,facebook,paid_social,bursluluk_2026_school_coverage,karatay-bozkirlilar-vakfi-kiz-anadolu-imam-hatip-lisesi,https://teachera.com.tr/bursluluk-2026?utm_source=facebook&utm_medium=paid_social&utm_campaign=bursluluk_2026_school_coverage&utm_content=karatay-bozkirlilar-vakfi-kiz-anadolu-imam-hatip-lisesi&utm_term=karatay
Büyük Sinan Mehmet Fatma Dalan İlkokulu,KARATAY,Konya,social_paid,youtube,paid_social,bursluluk_2026_school_coverage,karatay-buyuk-sinan-mehmet-fatma-dalan-ilkokulu,https://teachera.com.tr/bursluluk-2026?utm_source=youtube&utm_medium=paid_social&utm_campaign=bursluluk_2026_school_coverage&utm_content=karatay-buyuk-sinan-mehmet-fatma-dalan-ilkokulu&utm_term=karatay
Çatalhüyük Anadolu Lisesi,KARATAY,Konya,outdoor_qr,konya_outdoor,qr,bursluluk_2026_school_coverage,karatay-catalhuyuk-anadolu-lisesi,https://teachera.com.tr/bursluluk-2026?utm_source=konya_outdoor&utm_medium=qr&utm_campaign=bursluluk_2026_school_coverage&utm_content=karatay-catalhuyuk-anadolu-lisesi&utm_term=karatay
Çatalhüyük Melikşah İlkokulu,KARATAY,Konya,mall_screen,konya_avm,screen,bursluluk_2026_school_coverage,karatay-catalhuyuk-meliksah-ilkokulu,https://teachera.com.tr/bursluluk-2026?utm_source=konya_avm&utm_medium=screen&utm_campaign=bursluluk_2026_school_coverage&utm_content=karatay-catalhuyuk-meliksah-ilkokulu&utm_term=karatay
Çatalhüyük Münise Lütfi Onat İlkokulu,KARATAY,Konya,social_paid,instagram,paid_social,bursluluk_2026_school_coverage,karatay-catalhuyuk-munise-lutfi-onat-ilkokulu,https://teachera.com.tr/bursluluk-2026?utm_source=instagram&utm_medium=paid_social&utm_campaign=bursluluk_2026_school_coverage&utm_content=karatay-catalhuyuk-munise-lutfi-onat-ilkokulu&utm_term=karatay
Celaleddin Karatay Tarım Mesleki ve Teknik Anadolu Lisesi,KARATAY,Konya,social_paid,facebook,paid_social,bursluluk_2026_school_coverage,karatay-celaleddin-karatay-tarim-mesleki-ve-teknik-anadolu-lisesi,https://teachera.com.tr/bursluluk-2026?utm_source=facebook&utm_medium=paid_social&utm_campaign=bursluluk_2026_school_coverage&utm_content=karatay-celaleddin-karatay-tarim-mesleki-ve-teknik-anadolu-lisesi&utm_term=karatay
Cemil Keleşoğlu Anadolu Lisesi,KARATAY,Konya,social_paid,youtube,paid_social,bursluluk_2026_school_coverage,karatay-cemil-kelesoglu-anadolu-lisesi,https://teachera.com.tr/bursluluk-2026?utm_source=youtube&utm_medium=paid_social&utm_campaign=bursluluk_2026_school_coverage&utm_content=karatay-cemil-kelesoglu-anadolu-lisesi&utm_term=karatay
Cengiz Topel İlkokulu,KARATAY,Konya,outdoor_qr,konya_outdoor,qr,bursluluk_2026_school_coverage,karatay-cengiz-topel-ilkokulu,https://teachera.com.tr/bursluluk-2026?utm_source=konya_outdoor&utm_medium=qr&utm_campaign=bursluluk_2026_school_coverage&utm_content=karatay-cengiz-topel-ilkokulu&utm_term=karatay
Çumralıoğlu Vakfı Anadolu İmam Hatip Lisesi,KARATAY,Konya,mall_screen,konya_avm,screen,bursluluk_2026_school_coverage,karatay-cumralioglu-vakfi-anadolu-imam-hatip-lisesi,https://teachera.com.tr/bursluluk-2026?utm_source=konya_avm&utm_medium=screen&utm_campaign=bursluluk_2026_school_coverage&utm_content=karatay-cumralioglu-vakfi-anadolu-imam-hatip-lisesi&utm_term=karatay
Doktor Sedat Yüksel İlkokulu,KARATAY,Konya,social_paid,instagram,paid_social,bursluluk_2026_school_coverage,karatay-doktor-sedat-yuksel-ilkokulu,https://teachera.com.tr/bursluluk-2026?utm_source=instagram&utm_medium=paid_social&utm_campaign=bursluluk_2026_school_coverage&utm_content=karatay-doktor-sedat-yuksel-ilkokulu&utm_term=karatay
Dr.Ali Rıza Bahadır Kız Anadolu İmam Hatip Lisesi,KARATAY,Konya,social_paid,facebook,paid_social,bursluluk_2026_school_coverage,karatay-dr-ali-riza-bahadir-kiz-anadolu-imam-hatip-lisesi,https://teachera.com.tr/bursluluk-2026?utm_source=facebook&utm_medium=paid_social&utm_campaign=bursluluk_2026_school_coverage&utm_content=karatay-dr-ali-riza-bahadir-kiz-anadolu-imam-hatip-lisesi&utm_term=karatay
Fetihkent İmam Hatip Ortaokulu,KARATAY,Konya,social_paid,youtube,paid_social,bursluluk_2026_school_coverage,karatay-fetihkent-imam-hatip-ortaokulu,https://teachera.com.tr/bursluluk-2026?utm_source=youtube&utm_medium=paid_social&utm_campaign=bursluluk_2026_school_coverage&utm_content=karatay-fetihkent-imam-hatip-ortaokulu&utm_term=karatay
Gevher Nesibe Hatun İmam Hatip Ortaokulu,KARATAY,Konya,outdoor_qr,konya_outdoor,qr,bursluluk_2026_school_coverage,karatay-gevher-nesibe-hatun-imam-hatip-ortaokulu,https://teachera.com.tr/bursluluk-2026?utm_source=konya_outdoor&utm_medium=qr&utm_campaign=bursluluk_2026_school_coverage&utm_content=karatay-gevher-nesibe-hatun-imam-hatip-ortaokulu&utm_term=karatay
GÖÇÜ İLKOKULU,KARATAY,Konya,mall_screen,konya_avm,screen,bursluluk_2026_school_coverage,karatay-gocu-ilkokulu,https://teachera.com.tr/bursluluk-2026?utm_source=konya_avm&utm_medium=screen&utm_campaign=bursluluk_2026_school_coverage&utm_content=karatay-gocu-ilkokulu&utm_term=karatay
Göçü Ortaokulu,KARATAY,Konya,social_paid,instagram,paid_social,bursluluk_2026_school_coverage,karatay-gocu-ortaokulu,https://teachera.com.tr/bursluluk-2026?utm_source=instagram&utm_medium=paid_social&utm_campaign=bursluluk_2026_school_coverage&utm_content=karatay-gocu-ortaokulu&utm_term=karatay
Hacı Sadık İlkokulu,KARATAY,Konya,social_paid,facebook,paid_social,bursluluk_2026_school_coverage,karatay-haci-sadik-ilkokulu,https://teachera.com.tr/bursluluk-2026?utm_source=facebook&utm_medium=paid_social&utm_campaign=bursluluk_2026_school_coverage&utm_content=karatay-haci-sadik-ilkokulu&utm_term=karatay
Hacı Yusuf Mescit Ahmet Haşhaş İlkokulu,KARATAY,Konya,social_paid,youtube,paid_social,bursluluk_2026_school_coverage,karatay-haci-yusuf-mescit-ahmet-hashas-ilkokulu,https://teachera.com.tr/bursluluk-2026?utm_source=youtube&utm_medium=paid_social&utm_campaign=bursluluk_2026_school_coverage&utm_content=karatay-haci-yusuf-mescit-ahmet-hashas-ilkokulu&utm_term=karatay
Hacıveyiszade Anadolu İmam Hatip Lisesi,KARATAY,Konya,outdoor_qr,konya_outdoor,qr,bursluluk_2026_school_coverage,karatay-haciveyiszade-anadolu-imam-hatip-lisesi,https://teachera.com.tr/bursluluk-2026?utm_source=konya_outdoor&utm_medium=qr&utm_campaign=bursluluk_2026_school_coverage&utm_content=karatay-haciveyiszade-anadolu-imam-hatip-lisesi&utm_term=karatay
Hacıveyiszade Mahallesi Ahmet Haşhaş İlkokulu,KARATAY,Konya,mall_screen,konya_avm,screen,bursluluk_2026_school_coverage,karatay-haciveyiszade-mahallesi-ahmet-hashas-ilkokulu,https://teachera.com.tr/bursluluk-2026?utm_source=konya_avm&utm_medium=screen&utm_campaign=bursluluk_2026_school_coverage&utm_content=karatay-haciveyiszade-mahallesi-ahmet-hashas-ilkokulu&utm_term=karatay
Halil Bahçeci İlkokulu,KARATAY,Konya,social_paid,instagram,paid_social,bursluluk_2026_school_coverage,karatay-halil-bahceci-ilkokulu,https://teachera.com.tr/bursluluk-2026?utm_source=instagram&utm_medium=paid_social&utm_campaign=bursluluk_2026_school_coverage&utm_content=karatay-halil-bahceci-ilkokulu&utm_term=karatay
Hamzaoğlu İmam Hatip Ortaokulu,KARATAY,Konya,social_paid,facebook,paid_social,bursluluk_2026_school_coverage,karatay-hamzaoglu-imam-hatip-ortaokulu,https://teachera.com.tr/bursluluk-2026?utm_source=facebook&utm_medium=paid_social&utm_campaign=bursluluk_2026_school_coverage&utm_content=karatay-hamzaoglu-imam-hatip-ortaokulu&utm_term=karatay
Hasan Ali Yücel İlkokulu,KARATAY,Konya,social_paid,youtube,paid_social,bursluluk_2026_school_coverage,karatay-hasan-ali-yucel-ilkokulu,https://teachera.com.tr/bursluluk-2026?utm_source=youtube&utm_medium=paid_social&utm_campaign=bursluluk_2026_school_coverage&utm_content=karatay-hasan-ali-yucel-ilkokulu&utm_term=karatay
Hayıroğlu İlkokulu,KARATAY,Konya,outdoor_qr,konya_outdoor,qr,bursluluk_2026_school_coverage,karatay-hayiroglu-ilkokulu,https://teachera.com.tr/bursluluk-2026?utm_source=konya_outdoor&utm_medium=qr&utm_campaign=bursluluk_2026_school_coverage&utm_content=karatay-hayiroglu-ilkokulu&utm_term=karatay
Hayıroğlu İmam Hatip Ortaokulu,KARATAY,Konya,mall_screen,konya_avm,screen,bursluluk_2026_school_coverage,karatay-hayiroglu-imam-hatip-ortaokulu,https://teachera.com.tr/bursluluk-2026?utm_source=konya_avm&utm_medium=screen&utm_campaign=bursluluk_2026_school_coverage&utm_content=karatay-hayiroglu-imam-hatip-ortaokulu&utm_term=karatay
Hediye-Mehmet Ali Uzman İlkokulu,KARATAY,Konya,social_paid,instagram,paid_social,bursluluk_2026_school_coverage,karatay-hediye-mehmet-ali-uzman-ilkokulu,https://teachera.com.tr/bursluluk-2026?utm_source=instagram&utm_medium=paid_social&utm_campaign=bursluluk_2026_school_coverage&utm_content=karatay-hediye-mehmet-ali-uzman-ilkokulu&utm_term=karatay
Hüseyin Sevim Köroğlu İlkokulu,KARATAY,Konya,social_paid,facebook,paid_social,bursluluk_2026_school_coverage,karatay-huseyin-sevim-koroglu-ilkokulu,https://teachera.com.tr/bursluluk-2026?utm_source=facebook&utm_medium=paid_social&utm_campaign=bursluluk_2026_school_coverage&utm_content=karatay-huseyin-sevim-koroglu-ilkokulu&utm_term=karatay
İbrahim Sulhiye Kamanlı İlkokulu,KARATAY,Konya,social_paid,youtube,paid_social,bursluluk_2026_school_coverage,karatay-ibrahim-sulhiye-kamanli-ilkokulu,https://teachera.com.tr/bursluluk-2026?utm_source=youtube&utm_medium=paid_social&utm_campaign=bursluluk_2026_school_coverage&utm_content=karatay-ibrahim-sulhiye-kamanli-ilkokulu&utm_term=karatay
İlhan-Nuran Keskin İlkokulu,KARATAY,Konya,outdoor_qr,konya_outdoor,qr,bursluluk_2026_school_coverage,karatay-ilhan-nuran-keskin-ilkokulu,https://teachera.com.tr/bursluluk-2026?utm_source=konya_outdoor&utm_medium=qr&utm_campaign=bursluluk_2026_school_coverage&utm_content=karatay-ilhan-nuran-keskin-ilkokulu&utm_term=karatay
İSA CAN BEZİRCİ İMAM HATİP ORTAOKULU,KARATAY,Konya,mall_screen,konya_avm,screen,bursluluk_2026_school_coverage,karatay-isa-can-bezirci-imam-hatip-ortaokulu,https://teachera.com.tr/bursluluk-2026?utm_source=konya_avm&utm_medium=screen&utm_campaign=bursluluk_2026_school_coverage&utm_content=karatay-isa-can-bezirci-imam-hatip-ortaokulu&utm_term=karatay
İsa Can Bezirci Ortaokulu,KARATAY,Konya,social_paid,instagram,paid_social,bursluluk_2026_school_coverage,karatay-isa-can-bezirci-ortaokulu,https://teachera.com.tr/bursluluk-2026?utm_source=instagram&utm_medium=paid_social&utm_campaign=bursluluk_2026_school_coverage&utm_content=karatay-isa-can-bezirci-ortaokulu&utm_term=karatay
İsmet Paşa İlkokulu,KARATAY,Konya,social_paid,facebook,paid_social,bursluluk_2026_school_coverage,karatay-ismet-pasa-ilkokulu,https://teachera.com.tr/bursluluk-2026?utm_source=facebook&utm_medium=paid_social&utm_campaign=bursluluk_2026_school_coverage&utm_content=karatay-ismet-pasa-ilkokulu&utm_term=karatay
İstiklal İlkokulu,KARATAY,Konya,social_paid,youtube,paid_social,bursluluk_2026_school_coverage,karatay-istiklal-ilkokulu,https://teachera.com.tr/bursluluk-2026?utm_source=youtube&utm_medium=paid_social&utm_campaign=bursluluk_2026_school_coverage&utm_content=karatay-istiklal-ilkokulu&utm_term=karatay
İstiklal Ortaokulu,KARATAY,Konya,outdoor_qr,konya_outdoor,qr,bursluluk_2026_school_coverage,karatay-istiklal-ortaokulu,https://teachera.com.tr/bursluluk-2026?utm_source=konya_outdoor&utm_medium=qr&utm_campaign=bursluluk_2026_school_coverage&utm_content=karatay-istiklal-ortaokulu&utm_term=karatay
İzzet Bezirci İlkokulu,KARATAY,Konya,mall_screen,konya_avm,screen,bursluluk_2026_school_coverage,karatay-izzet-bezirci-ilkokulu,https://teachera.com.tr/bursluluk-2026?utm_source=konya_avm&utm_medium=screen&utm_campaign=bursluluk_2026_school_coverage&utm_content=karatay-izzet-bezirci-ilkokulu&utm_term=karatay
Karaaslan Atatürk İmam Hatip Ortaokulu,KARATAY,Konya,social_paid,instagram,paid_social,bursluluk_2026_school_coverage,karatay-karaaslan-ataturk-imam-hatip-ortaokulu,https://teachera.com.tr/bursluluk-2026?utm_source=instagram&utm_medium=paid_social&utm_campaign=bursluluk_2026_school_coverage&utm_content=karatay-karaaslan-ataturk-imam-hatip-ortaokulu&utm_term=karatay
Karaaslan Atatürk Ortaokulu,KARATAY,Konya,social_paid,facebook,paid_social,bursluluk_2026_school_coverage,karatay-karaaslan-ataturk-ortaokulu,https://teachera.com.tr/bursluluk-2026?utm_source=facebook&utm_medium=paid_social&utm_campaign=bursluluk_2026_school_coverage&utm_content=karatay-karaaslan-ataturk-ortaokulu&utm_term=karatay
Karaaslan Cumhuriyet İlkokulu,KARATAY,Konya,social_paid,youtube,paid_social,bursluluk_2026_school_coverage,karatay-karaaslan-cumhuriyet-ilkokulu,https://teachera.com.tr/bursluluk-2026?utm_source=youtube&utm_medium=paid_social&utm_campaign=bursluluk_2026_school_coverage&utm_content=karatay-karaaslan-cumhuriyet-ilkokulu&utm_term=karatay
Karatay 15 Temmuz Şehitleri Anadolu Lisesi,KARATAY,Konya,outdoor_qr,konya_outdoor,qr,bursluluk_2026_school_coverage,karatay-karatay-15-temmuz-sehitleri-anadolu-lisesi,https://teachera.com.tr/bursluluk-2026?utm_source=konya_outdoor&utm_medium=qr&utm_campaign=bursluluk_2026_school_coverage&utm_content=karatay-karatay-15-temmuz-sehitleri-anadolu-lisesi&utm_term=karatay
Karatay Ali Ulvi Kurucu Anadolu İmam Hatip Lisesi,KARATAY,Konya,mall_screen,konya_avm,screen,bursluluk_2026_school_coverage,karatay-karatay-ali-ulvi-kurucu-anadolu-imam-hatip-lisesi,https://teachera.com.tr/bursluluk-2026?utm_source=konya_avm&utm_medium=screen&utm_campaign=bursluluk_2026_school_coverage&utm_content=karatay-karatay-ali-ulvi-kurucu-anadolu-imam-hatip-lisesi&utm_term=karatay
Karatay Aykent Mesleki ve Teknik Anadolu Lisesi,KARATAY,Konya,social_paid,instagram,paid_social,bursluluk_2026_school_coverage,karatay-karatay-aykent-mesleki-ve-teknik-anadolu-lisesi,https://teachera.com.tr/bursluluk-2026?utm_source=instagram&utm_medium=paid_social&utm_campaign=bursluluk_2026_school_coverage&utm_content=karatay-karatay-aykent-mesleki-ve-teknik-anadolu-lisesi&utm_term=karatay
Karatay Belediyesi 23 Nisan İmam Hatip Ortaokulu,KARATAY,Konya,social_paid,facebook,paid_social,bursluluk_2026_school_coverage,karatay-karatay-belediyesi-23-nisan-imam-hatip-ortaokulu,https://teachera.com.tr/bursluluk-2026?utm_source=facebook&utm_medium=paid_social&utm_campaign=bursluluk_2026_school_coverage&utm_content=karatay-karatay-belediyesi-23-nisan-imam-hatip-ortaokulu&utm_term=karatay
Karatay Belediyesi İmam Hatip Ortaokulu,KARATAY,Konya,social_paid,youtube,paid_social,bursluluk_2026_school_coverage,karatay-karatay-belediyesi-imam-hatip-ortaokulu,https://teachera.com.tr/bursluluk-2026?utm_source=youtube&utm_medium=paid_social&utm_campaign=bursluluk_2026_school_coverage&utm_content=karatay-karatay-belediyesi-imam-hatip-ortaokulu&utm_term=karatay
Karatay Belediyesi Osman Benliler İlkokulu,KARATAY,Konya,outdoor_qr,konya_outdoor,qr,bursluluk_2026_school_coverage,karatay-karatay-belediyesi-osman-benliler-ilkokulu,https://teachera.com.tr/bursluluk-2026?utm_source=konya_outdoor&utm_medium=qr&utm_campaign=bursluluk_2026_school_coverage&utm_content=karatay-karatay-belediyesi-osman-benliler-ilkokulu&utm_term=karatay
Karatay Borsa İstanbul Gazi Mustafa Kemal Turizm Mesleki ve Teknik Anadolu Lisesi,KARATAY,Konya,mall_screen,konya_avm,screen,bursluluk_2026_school_coverage,karatay-karatay-borsa-istanbul-gazi-mustafa-kemal-turizm-mesleki-ve-teknik-anadolu-lisesi,https://teachera.com.tr/bursluluk-2026?utm_source=konya_avm&utm_medium=screen&utm_campaign=bursluluk_2026_school_coverage&utm_content=karatay-karatay-borsa-istanbul-gazi-mustafa-kemal-turizm-mesleki-ve-teknik-anadolu-lisesi&utm_term=karatay
Karatay Borsa İstanbul Zübeyde Hanım Kız Mesleki ve Teknik Anadolu Lisesi,KARATAY,Konya,social_paid,instagram,paid_social,bursluluk_2026_school_coverage,karatay-karatay-borsa-istanbul-zubeyde-hanim-kiz-mesleki-ve-teknik-anadolu-lisesi,https://teachera.com.tr/bursluluk-2026?utm_source=instagram&utm_medium=paid_social&utm_campaign=bursluluk_2026_school_coverage&utm_content=karatay-karatay-borsa-istanbul-zubeyde-hanim-kiz-mesleki-ve-teknik-anadolu-lisesi&utm_term=karatay
Karatay Fen Lisesi,KARATAY,Konya,social_paid,facebook,paid_social,bursluluk_2026_school_coverage,karatay-karatay-fen-lisesi,https://teachera.com.tr/bursluluk-2026?utm_source=facebook&utm_medium=paid_social&utm_campaign=bursluluk_2026_school_coverage&utm_content=karatay-karatay-fen-lisesi&utm_term=karatay
Karatay Hamza Yerlikaya Spor Lisesi,KARATAY,Konya,social_paid,youtube,paid_social,bursluluk_2026_school_coverage,karatay-karatay-hamza-yerlikaya-spor-lisesi,https://teachera.com.tr/bursluluk-2026?utm_source=youtube&utm_medium=paid_social&utm_campaign=bursluluk_2026_school_coverage&utm_content=karatay-karatay-hamza-yerlikaya-spor-lisesi&utm_term=karatay
Karatay Hürriyet Ortaokulu,KARATAY,Konya,outdoor_qr,konya_outdoor,qr,bursluluk_2026_school_coverage,karatay-karatay-hurriyet-ortaokulu,https://teachera.com.tr/bursluluk-2026?utm_source=konya_outdoor&utm_medium=qr&utm_campaign=bursluluk_2026_school_coverage&utm_content=karatay-karatay-hurriyet-ortaokulu&utm_term=karatay
Karatay İlhan-Nuran Keskin Ortaokulu,KARATAY,Konya,mall_screen,konya_avm,screen,bursluluk_2026_school_coverage,karatay-karatay-ilhan-nuran-keskin-ortaokulu,https://teachera.com.tr/bursluluk-2026?utm_source=konya_avm&utm_medium=screen&utm_campaign=bursluluk_2026_school_coverage&utm_content=karatay-karatay-ilhan-nuran-keskin-ortaokulu&utm_term=karatay
Karatay Kocatepe İlkokulu,KARATAY,Konya,social_paid,instagram,paid_social,bursluluk_2026_school_coverage,karatay-karatay-kocatepe-ilkokulu,https://teachera.com.tr/bursluluk-2026?utm_source=instagram&utm_medium=paid_social&utm_campaign=bursluluk_2026_school_coverage&utm_content=karatay-karatay-kocatepe-ilkokulu&utm_term=karatay
Karatay Nermin-Agah-Erdinç Topak Ortaokulu,KARATAY,Konya,social_paid,facebook,paid_social,bursluluk_2026_school_coverage,karatay-karatay-nermin-agah-erdinc-topak-ortaokulu,https://teachera.com.tr/bursluluk-2026?utm_source=facebook&utm_medium=paid_social&utm_campaign=bursluluk_2026_school_coverage&utm_content=karatay-karatay-nermin-agah-erdinc-topak-ortaokulu&utm_term=karatay
Karatay Ortaokulu,KARATAY,Konya,social_paid,youtube,paid_social,bursluluk_2026_school_coverage,karatay-karatay-ortaokulu,https://teachera.com.tr/bursluluk-2026?utm_source=youtube&utm_medium=paid_social&utm_campaign=bursluluk_2026_school_coverage&utm_content=karatay-karatay-ortaokulu&utm_term=karatay
Karatay Sadreddin Konevi Anadolu İmam Hatip Lisesi,KARATAY,Konya,outdoor_qr,konya_outdoor,qr,bursluluk_2026_school_coverage,karatay-karatay-sadreddin-konevi-anadolu-imam-hatip-lisesi,https://teachera.com.tr/bursluluk-2026?utm_source=konya_outdoor&utm_medium=qr&utm_campaign=bursluluk_2026_school_coverage&utm_content=karatay-karatay-sadreddin-konevi-anadolu-imam-hatip-lisesi&utm_term=karatay
Karatay Ticaret Mesleki ve Teknik Anadolu Lisesi,KARATAY,Konya,mall_screen,konya_avm,screen,bursluluk_2026_school_coverage,karatay-karatay-ticaret-mesleki-ve-teknik-anadolu-lisesi,https://teachera.com.tr/bursluluk-2026?utm_source=konya_avm&utm_medium=screen&utm_campaign=bursluluk_2026_school_coverage&utm_content=karatay-karatay-ticaret-mesleki-ve-teknik-anadolu-lisesi&utm_term=karatay
Karatay TOKİ Anadolu Lisesi,KARATAY,Konya,social_paid,instagram,paid_social,bursluluk_2026_school_coverage,karatay-karatay-toki-anadolu-lisesi,https://teachera.com.tr/bursluluk-2026?utm_source=instagram&utm_medium=paid_social&utm_campaign=bursluluk_2026_school_coverage&utm_content=karatay-karatay-toki-anadolu-lisesi&utm_term=karatay
Karkent İlkokulu,KARATAY,Konya,social_paid,facebook,paid_social,bursluluk_2026_school_coverage,karatay-karkent-ilkokulu,https://teachera.com.tr/bursluluk-2026?utm_source=facebook&utm_medium=paid_social&utm_campaign=bursluluk_2026_school_coverage&utm_content=karatay-karkent-ilkokulu&utm_term=karatay
Kılıçarslan Borsa İstanbul Mesleki ve Teknik Anadolu Lisesi,KARATAY,Konya,social_paid,youtube,paid_social,bursluluk_2026_school_coverage,karatay-kilicarslan-borsa-istanbul-mesleki-ve-teknik-anadolu-lisesi,https://teachera.com.tr/bursluluk-2026?utm_source=youtube&utm_medium=paid_social&utm_campaign=bursluluk_2026_school_coverage&utm_content=karatay-kilicarslan-borsa-istanbul-mesleki-ve-teknik-anadolu-lisesi&utm_term=karatay
Konya Anadolu İmam Hatip Lisesi,KARATAY,Konya,outdoor_qr,konya_outdoor,qr,bursluluk_2026_school_coverage,karatay-konya-anadolu-imam-hatip-lisesi,https://teachera.com.tr/bursluluk-2026?utm_source=konya_outdoor&utm_medium=qr&utm_campaign=bursluluk_2026_school_coverage&utm_content=karatay-konya-anadolu-imam-hatip-lisesi&utm_term=karatay
Konya Türk Telekom Sosyal Bilimler Lisesi,KARATAY,Konya,mall_screen,konya_avm,screen,bursluluk_2026_school_coverage,karatay-konya-turk-telekom-sosyal-bilimler-lisesi,https://teachera.com.tr/bursluluk-2026?utm_source=konya_avm&utm_medium=screen&utm_campaign=bursluluk_2026_school_coverage&utm_content=karatay-konya-turk-telekom-sosyal-bilimler-lisesi&utm_term=karatay
Koyunoğlu İlkokulu,KARATAY,Konya,social_paid,instagram,paid_social,bursluluk_2026_school_coverage,karatay-koyunoglu-ilkokulu,https://teachera.com.tr/bursluluk-2026?utm_source=instagram&utm_medium=paid_social&utm_campaign=bursluluk_2026_school_coverage&utm_content=karatay-koyunoglu-ilkokulu&utm_term=karatay
Kurtuluş Ortaokulu,KARATAY,Konya,social_paid,facebook,paid_social,bursluluk_2026_school_coverage,karatay-kurtulus-ortaokulu,https://teachera.com.tr/bursluluk-2026?utm_source=facebook&utm_medium=paid_social&utm_campaign=bursluluk_2026_school_coverage&utm_content=karatay-kurtulus-ortaokulu&utm_term=karatay
Kuvayi Milliye İlkokulu,KARATAY,Konya,social_paid,youtube,paid_social,bursluluk_2026_school_coverage,karatay-kuvayi-milliye-ilkokulu,https://teachera.com.tr/bursluluk-2026?utm_source=youtube&utm_medium=paid_social&utm_campaign=bursluluk_2026_school_coverage&utm_content=karatay-kuvayi-milliye-ilkokulu&utm_term=karatay
Mahide Koşukçu İlkokulu,KARATAY,Konya,outdoor_qr,konya_outdoor,qr,bursluluk_2026_school_coverage,karatay-mahide-kosukcu-ilkokulu,https://teachera.com.tr/bursluluk-2026?utm_source=konya_outdoor&utm_medium=qr&utm_campaign=bursluluk_2026_school_coverage&utm_content=karatay-mahide-kosukcu-ilkokulu&utm_term=karatay
Mehmet-Hanife Yapıcı Anadolu Lisesi,KARATAY,Konya,mall_screen,konya_avm,screen,bursluluk_2026_school_coverage,karatay-mehmet-hanife-yapici-anadolu-lisesi,https://teachera.com.tr/bursluluk-2026?utm_source=konya_avm&utm_medium=screen&utm_campaign=bursluluk_2026_school_coverage&utm_content=karatay-mehmet-hanife-yapici-anadolu-lisesi&utm_term=karatay
Mehmetçik İlkokulu,KARATAY,Konya,social_paid,instagram,paid_social,bursluluk_2026_school_coverage,karatay-mehmetcik-ilkokulu,https://teachera.com.tr/bursluluk-2026?utm_source=instagram&utm_medium=paid_social&utm_campaign=bursluluk_2026_school_coverage&utm_content=karatay-mehmetcik-ilkokulu&utm_term=karatay
Mehmetçik İmam Hatip Ortaokulu,KARATAY,Konya,social_paid,facebook,paid_social,bursluluk_2026_school_coverage,karatay-mehmetcik-imam-hatip-ortaokulu,https://teachera.com.tr/bursluluk-2026?utm_source=facebook&utm_medium=paid_social&utm_campaign=bursluluk_2026_school_coverage&utm_content=karatay-mehmetcik-imam-hatip-ortaokulu&utm_term=karatay
Mevlana Kız Anadolu İmam Hatip Lisesi,KARATAY,Konya,social_paid,youtube,paid_social,bursluluk_2026_school_coverage,karatay-mevlana-kiz-anadolu-imam-hatip-lisesi,https://teachera.com.tr/bursluluk-2026?utm_source=youtube&utm_medium=paid_social&utm_campaign=bursluluk_2026_school_coverage&utm_content=karatay-mevlana-kiz-anadolu-imam-hatip-lisesi&utm_term=karatay
Müslüme Ali Yaman İmam Hatip Ortaokulu,KARATAY,Konya,outdoor_qr,konya_outdoor,qr,bursluluk_2026_school_coverage,karatay-muslume-ali-yaman-imam-hatip-ortaokulu,https://teachera.com.tr/bursluluk-2026?utm_source=konya_outdoor&utm_medium=qr&utm_campaign=bursluluk_2026_school_coverage&utm_content=karatay-muslume-ali-yaman-imam-hatip-ortaokulu&utm_term=karatay
Mustafa Aydın İlkokulu,KARATAY,Konya,mall_screen,konya_avm,screen,bursluluk_2026_school_coverage,karatay-mustafa-aydin-ilkokulu,https://teachera.com.tr/bursluluk-2026?utm_source=konya_avm&utm_medium=screen&utm_campaign=bursluluk_2026_school_coverage&utm_content=karatay-mustafa-aydin-ilkokulu&utm_term=karatay
Namık Kemal Ortaokulu,KARATAY,Konya,social_paid,instagram,paid_social,bursluluk_2026_school_coverage,karatay-namik-kemal-ortaokulu,https://teachera.com.tr/bursluluk-2026?utm_source=instagram&utm_medium=paid_social&utm_campaign=bursluluk_2026_school_coverage&utm_content=karatay-namik-kemal-ortaokulu&utm_term=karatay
Nermin Agah Erdinç Topak İlkokulu,KARATAY,Konya,social_paid,facebook,paid_social,bursluluk_2026_school_coverage,karatay-nermin-agah-erdinc-topak-ilkokulu,https://teachera.com.tr/bursluluk-2026?utm_source=facebook&utm_medium=paid_social&utm_campaign=bursluluk_2026_school_coverage&utm_content=karatay-nermin-agah-erdinc-topak-ilkokulu&utm_term=karatay
Nizamülmülk Anadolu Lisesi,KARATAY,Konya,social_paid,youtube,paid_social,bursluluk_2026_school_coverage,karatay-nizamulmulk-anadolu-lisesi,https://teachera.com.tr/bursluluk-2026?utm_source=youtube&utm_medium=paid_social&utm_campaign=bursluluk_2026_school_coverage&utm_content=karatay-nizamulmulk-anadolu-lisesi&utm_term=karatay
Orhan Gazi İlkokulu,KARATAY,Konya,outdoor_qr,konya_outdoor,qr,bursluluk_2026_school_coverage,karatay-orhan-gazi-ilkokulu,https://teachera.com.tr/bursluluk-2026?utm_source=konya_outdoor&utm_medium=qr&utm_campaign=bursluluk_2026_school_coverage&utm_content=karatay-orhan-gazi-ilkokulu&utm_term=karatay
Ovakavağı İlkokulu,KARATAY,Konya,mall_screen,konya_avm,screen,bursluluk_2026_school_coverage,karatay-ovakavagi-ilkokulu,https://teachera.com.tr/bursluluk-2026?utm_source=konya_avm&utm_medium=screen&utm_campaign=bursluluk_2026_school_coverage&utm_content=karatay-ovakavagi-ilkokulu&utm_term=karatay
Ovakavağı İmam Hatip Ortaokulu,KARATAY,Konya,social_paid,instagram,paid_social,bursluluk_2026_school_coverage,karatay-ovakavagi-imam-hatip-ortaokulu,https://teachera.com.tr/bursluluk-2026?utm_source=instagram&utm_medium=paid_social&utm_campaign=bursluluk_2026_school_coverage&utm_content=karatay-ovakavagi-imam-hatip-ortaokulu&utm_term=karatay
Prof. Dr. Fuat Sezgin Ortaokulu,KARATAY,Konya,social_paid,facebook,paid_social,bursluluk_2026_school_coverage,karatay-prof-dr-fuat-sezgin-ortaokulu,https://teachera.com.tr/bursluluk-2026?utm_source=facebook&utm_medium=paid_social&utm_campaign=bursluluk_2026_school_coverage&utm_content=karatay-prof-dr-fuat-sezgin-ortaokulu&utm_term=karatay
Prof.Dr.Ömer Dinçer Kız Anadolu İmam Hatip Lisesi,KARATAY,Konya,social_paid,youtube,paid_social,bursluluk_2026_school_coverage,karatay-prof-dr-omer-dincer-kiz-anadolu-imam-hatip-lisesi,https://teachera.com.tr/bursluluk-2026?utm_source=youtube&utm_medium=paid_social&utm_campaign=bursluluk_2026_school_coverage&utm_content=karatay-prof-dr-omer-dincer-kiz-anadolu-imam-hatip-lisesi&utm_term=karatay
Saraçoğlu Ahmet Haşhaş İlkokulu,KARATAY,Konya,outdoor_qr,konya_outdoor,qr,bursluluk_2026_school_coverage,karatay-saracoglu-ahmet-hashas-ilkokulu,https://teachera.com.tr/bursluluk-2026?utm_source=konya_outdoor&utm_medium=qr&utm_campaign=bursluluk_2026_school_coverage&utm_content=karatay-saracoglu-ahmet-hashas-ilkokulu&utm_term=karatay
Saraçoğlu İmam Hatip Ortaokulu,KARATAY,Konya,mall_screen,konya_avm,screen,bursluluk_2026_school_coverage,karatay-saracoglu-imam-hatip-ortaokulu,https://teachera.com.tr/bursluluk-2026?utm_source=konya_avm&utm_medium=screen&utm_campaign=bursluluk_2026_school_coverage&utm_content=karatay-saracoglu-imam-hatip-ortaokulu&utm_term=karatay
Saraçoğlu Toki Mustafa Çetin İlkokulu,KARATAY,Konya,social_paid,instagram,paid_social,bursluluk_2026_school_coverage,karatay-saracoglu-toki-mustafa-cetin-ilkokulu,https://teachera.com.tr/bursluluk-2026?utm_source=instagram&utm_medium=paid_social&utm_campaign=bursluluk_2026_school_coverage&utm_content=karatay-saracoglu-toki-mustafa-cetin-ilkokulu&utm_term=karatay
Şehit Albay İbrahim Karaoğlanoğlu İmam Hatip Ortaokulu,KARATAY,Konya,social_paid,facebook,paid_social,bursluluk_2026_school_coverage,karatay-sehit-albay-ibrahim-karaoglanoglu-imam-hatip-ortaokulu,https://teachera.com.tr/bursluluk-2026?utm_source=facebook&utm_medium=paid_social&utm_campaign=bursluluk_2026_school_coverage&utm_content=karatay-sehit-albay-ibrahim-karaoglanoglu-imam-hatip-ortaokulu&utm_term=karatay
Şehit Azam Güdendede Anadolu Lisesi,KARATAY,Konya,social_paid,youtube,paid_social,bursluluk_2026_school_coverage,karatay-sehit-azam-gudendede-anadolu-lisesi,https://teachera.com.tr/bursluluk-2026?utm_source=youtube&utm_medium=paid_social&utm_campaign=bursluluk_2026_school_coverage&utm_content=karatay-sehit-azam-gudendede-anadolu-lisesi&utm_term=karatay
Şehit Erol Olçok İlkokulu,KARATAY,Konya,outdoor_qr,konya_outdoor,qr,bursluluk_2026_school_coverage,karatay-sehit-erol-olcok-ilkokulu,https://teachera.com.tr/bursluluk-2026?utm_source=konya_outdoor&utm_medium=qr&utm_campaign=bursluluk_2026_school_coverage&utm_content=karatay-sehit-erol-olcok-ilkokulu&utm_term=karatay
Şehit Sadık Ortaokulu,KARATAY,Konya,mall_screen,konya_avm,screen,bursluluk_2026_school_coverage,karatay-sehit-sadik-ortaokulu,https://teachera.com.tr/bursluluk-2026?utm_source=konya_avm&utm_medium=screen&utm_campaign=bursluluk_2026_school_coverage&utm_content=karatay-sehit-sadik-ortaokulu&utm_term=karatay
ŞEHİT ÜSTEĞMEN MEHMET DÜZENLİ İMAM HATİP ORTAOKULU,KARATAY,Konya,social_paid,instagram,paid_social,bursluluk_2026_school_coverage,karatay-sehit-ustegmen-mehmet-duzenli-imam-hatip-ortaokulu,https://teachera.com.tr/bursluluk-2026?utm_source=instagram&utm_medium=paid_social&utm_campaign=bursluluk_2026_school_coverage&utm_content=karatay-sehit-ustegmen-mehmet-duzenli-imam-hatip-ortaokulu&utm_term=karatay
Şekibe Aksoy İlkokulu,KARATAY,Konya,social_paid,facebook,paid_social,bursluluk_2026_school_coverage,karatay-sekibe-aksoy-ilkokulu,https://teachera.com.tr/bursluluk-2026?utm_source=facebook&utm_medium=paid_social&utm_campaign=bursluluk_2026_school_coverage&utm_content=karatay-sekibe-aksoy-ilkokulu&utm_term=karatay
Sezai Karakoç İmam Hatip Ortaokulu,KARATAY,Konya,social_paid,youtube,paid_social,bursluluk_2026_school_coverage,karatay-sezai-karakoc-imam-hatip-ortaokulu,https://teachera.com.tr/bursluluk-2026?utm_source=youtube&utm_medium=paid_social&utm_campaign=bursluluk_2026_school_coverage&utm_content=karatay-sezai-karakoc-imam-hatip-ortaokulu&utm_term=karatay
Süleyman Şah Anadolu Lisesi,KARATAY,Konya,outdoor_qr,konya_outdoor,qr,bursluluk_2026_school_coverage,karatay-suleyman-sah-anadolu-lisesi,https://teachera.com.tr/bursluluk-2026?utm_source=konya_outdoor&utm_medium=qr&utm_campaign=bursluluk_2026_school_coverage&utm_content=karatay-suleyman-sah-anadolu-lisesi&utm_term=karatay
Sultan Alparslan İmam Hatip Ortaokulu,KARATAY,Konya,mall_screen,konya_avm,screen,bursluluk_2026_school_coverage,karatay-sultan-alparslan-imam-hatip-ortaokulu,https://teachera.com.tr/bursluluk-2026?utm_source=konya_avm&utm_medium=screen&utm_campaign=bursluluk_2026_school_coverage&utm_content=karatay-sultan-alparslan-imam-hatip-ortaokulu&utm_term=karatay
Tatlıcak Ortaokulu,KARATAY,Konya,social_paid,instagram,paid_social,bursluluk_2026_school_coverage,karatay-tatlicak-ortaokulu,https://teachera.com.tr/bursluluk-2026?utm_source=instagram&utm_medium=paid_social&utm_campaign=bursluluk_2026_school_coverage&utm_content=karatay-tatlicak-ortaokulu&utm_term=karatay
Türk Anadolu Vakfı Hafız Kız Anadolu İmam Hatip Lisesi,KARATAY,Konya,social_paid,facebook,paid_social,bursluluk_2026_school_coverage,karatay-turk-anadolu-vakfi-hafiz-kiz-anadolu-imam-hatip-lisesi,https://teachera.com.tr/bursluluk-2026?utm_source=facebook&utm_medium=paid_social&utm_campaign=bursluluk_2026_school_coverage&utm_content=karatay-turk-anadolu-vakfi-hafiz-kiz-anadolu-imam-hatip-lisesi&utm_term=karatay
Ulubatlı Hasan İmam Hatip Ortaokulu,KARATAY,Konya,social_paid,youtube,paid_social,bursluluk_2026_school_coverage,karatay-ulubatli-hasan-imam-hatip-ortaokulu,https://teachera.com.tr/bursluluk-2026?utm_source=youtube&utm_medium=paid_social&utm_campaign=bursluluk_2026_school_coverage&utm_content=karatay-ulubatli-hasan-imam-hatip-ortaokulu&utm_term=karatay
Uluırmak Hürriyet İmam Hatip Ortaokulu,KARATAY,Konya,outdoor_qr,konya_outdoor,qr,bursluluk_2026_school_coverage,karatay-uluirmak-hurriyet-imam-hatip-ortaokulu,https://teachera.com.tr/bursluluk-2026?utm_source=konya_outdoor&utm_medium=qr&utm_campaign=bursluluk_2026_school_coverage&utm_content=karatay-uluirmak-hurriyet-imam-hatip-ortaokulu&utm_term=karatay
VALİ KEMAL KATITAŞ İLKOKULU,KARATAY,Konya,mall_screen,konya_avm,screen,bursluluk_2026_school_coverage,karatay-vali-kemal-katitas-ilkokulu,https://teachera.com.tr/bursluluk-2026?utm_source=konya_avm&utm_medium=screen&utm_campaign=bursluluk_2026_school_coverage&utm_content=karatay-vali-kemal-katitas-ilkokulu&utm_term=karatay
Yağlıbayat Ortaokulu,KARATAY,Konya,social_paid,instagram,paid_social,bursluluk_2026_school_coverage,karatay-yaglibayat-ortaokulu,https://teachera.com.tr/bursluluk-2026?utm_source=instagram&utm_medium=paid_social&utm_campaign=bursluluk_2026_school_coverage&utm_content=karatay-yaglibayat-ortaokulu&utm_term=karatay
Yarma İlkokulu,KARATAY,Konya,social_paid,facebook,paid_social,bursluluk_2026_school_coverage,karatay-yarma-ilkokulu,https://teachera.com.tr/bursluluk-2026?utm_source=facebook&utm_medium=paid_social&utm_campaign=bursluluk_2026_school_coverage&utm_content=karatay-yarma-ilkokulu&utm_term=karatay
Yarma Ortaokulu,KARATAY,Konya,social_paid,youtube,paid_social,bursluluk_2026_school_coverage,karatay-yarma-ortaokulu,https://teachera.com.tr/bursluluk-2026?utm_source=youtube&utm_medium=paid_social&utm_campaign=bursluluk_2026_school_coverage&utm_content=karatay-yarma-ortaokulu&utm_term=karatay
Yaşar Doğu Ortaokulu,KARATAY,Konya,outdoor_qr,konya_outdoor,qr,bursluluk_2026_school_coverage,karatay-yasar-dogu-ortaokulu,https://teachera.com.tr/bursluluk-2026?utm_source=konya_outdoor&utm_medium=qr&utm_campaign=bursluluk_2026_school_coverage&utm_content=karatay-yasar-dogu-ortaokulu&utm_term=karatay
Yavuz Selim İlkokulu,KARATAY,Konya,mall_screen,konya_avm,screen,bursluluk_2026_school_coverage,karatay-yavuz-selim-ilkokulu,https://teachera.com.tr/bursluluk-2026?utm_source=konya_avm&utm_medium=screen&utm_campaign=bursluluk_2026_school_coverage&utm_content=karatay-yavuz-selim-ilkokulu&utm_term=karatay
Yenikent İlkokulu,KARATAY,Konya,social_paid,instagram,paid_social,bursluluk_2026_school_coverage,karatay-yenikent-ilkokulu,https://teachera.com.tr/bursluluk-2026?utm_source=instagram&utm_medium=paid_social&utm_campaign=bursluluk_2026_school_coverage&utm_content=karatay-yenikent-ilkokulu&utm_term=karatay
YENİKENT ORTAOKULU,KARATAY,Konya,social_paid,facebook,paid_social,bursluluk_2026_school_coverage,karatay-yenikent-ortaokulu,https://teachera.com.tr/bursluluk-2026?utm_source=facebook&utm_medium=paid_social&utm_campaign=bursluluk_2026_school_coverage&utm_content=karatay-yenikent-ortaokulu&utm_term=karatay
Yusuf Gül İlkokulu,KARATAY,Konya,social_paid,youtube,paid_social,bursluluk_2026_school_coverage,karatay-yusuf-gul-ilkokulu,https://teachera.com.tr/bursluluk-2026?utm_source=youtube&utm_medium=paid_social&utm_campaign=bursluluk_2026_school_coverage&utm_content=karatay-yusuf-gul-ilkokulu&utm_term=karatay
Zeliha Seymen İlkokulu,KARATAY,Konya,outdoor_qr,konya_outdoor,qr,bursluluk_2026_school_coverage,karatay-zeliha-seymen-ilkokulu,https://teachera.com.tr/bursluluk-2026?utm_source=konya_outdoor&utm_medium=qr&utm_campaign=bursluluk_2026_school_coverage&utm_content=karatay-zeliha-seymen-ilkokulu&utm_term=karatay
15 Temmuz Milli Birlik İlkokulu,MERAM,Konya,mall_screen,konya_avm,screen,bursluluk_2026_school_coverage,meram-15-temmuz-milli-birlik-ilkokulu,https://teachera.com.tr/bursluluk-2026?utm_source=konya_avm&utm_medium=screen&utm_campaign=bursluluk_2026_school_coverage&utm_content=meram-15-temmuz-milli-birlik-ilkokulu&utm_term=meram
15 Temmuz Şehitleri İlkokulu,MERAM,Konya,social_paid,instagram,paid_social,bursluluk_2026_school_coverage,meram-15-temmuz-sehitleri-ilkokulu,https://teachera.com.tr/bursluluk-2026?utm_source=instagram&utm_medium=paid_social&utm_campaign=bursluluk_2026_school_coverage&utm_content=meram-15-temmuz-sehitleri-ilkokulu&utm_term=meram
24 Kasım İlkokulu,MERAM,Konya,social_paid,facebook,paid_social,bursluluk_2026_school_coverage,meram-24-kasim-ilkokulu,https://teachera.com.tr/bursluluk-2026?utm_source=facebook&utm_medium=paid_social&utm_campaign=bursluluk_2026_school_coverage&utm_content=meram-24-kasim-ilkokulu&utm_term=meram
Abdussamet Fazilet Kuzucu İlkokulu,MERAM,Konya,social_paid,youtube,paid_social,bursluluk_2026_school_coverage,meram-abdussamet-fazilet-kuzucu-ilkokulu,https://teachera.com.tr/bursluluk-2026?utm_source=youtube&utm_medium=paid_social&utm_campaign=bursluluk_2026_school_coverage&utm_content=meram-abdussamet-fazilet-kuzucu-ilkokulu&utm_term=meram
Ahmet Azmi-Makbule Elberk İlkokulu,MERAM,Konya,outdoor_qr,konya_outdoor,qr,bursluluk_2026_school_coverage,meram-ahmet-azmi-makbule-elberk-ilkokulu,https://teachera.com.tr/bursluluk-2026?utm_source=konya_outdoor&utm_medium=qr&utm_campaign=bursluluk_2026_school_coverage&utm_content=meram-ahmet-azmi-makbule-elberk-ilkokulu&utm_term=meram
Ahmet Naci Gücüyener İlkokulu,MERAM,Konya,mall_screen,konya_avm,screen,bursluluk_2026_school_coverage,meram-ahmet-naci-gucuyener-ilkokulu,https://teachera.com.tr/bursluluk-2026?utm_source=konya_avm&utm_medium=screen&utm_campaign=bursluluk_2026_school_coverage&utm_content=meram-ahmet-naci-gucuyener-ilkokulu&utm_term=meram
Ahmet Tevfik İleri İmam Hatip Ortaokulu,MERAM,Konya,social_paid,instagram,paid_social,bursluluk_2026_school_coverage,meram-ahmet-tevfik-ileri-imam-hatip-ortaokulu,https://teachera.com.tr/bursluluk-2026?utm_source=instagram&utm_medium=paid_social&utm_campaign=bursluluk_2026_school_coverage&utm_content=meram-ahmet-tevfik-ileri-imam-hatip-ortaokulu&utm_term=meram
Alakova İlkokulu,MERAM,Konya,social_paid,facebook,paid_social,bursluluk_2026_school_coverage,meram-alakova-ilkokulu,https://teachera.com.tr/bursluluk-2026?utm_source=facebook&utm_medium=paid_social&utm_campaign=bursluluk_2026_school_coverage&utm_content=meram-alakova-ilkokulu&utm_term=meram
Alakova Ortaokulu,MERAM,Konya,social_paid,youtube,paid_social,bursluluk_2026_school_coverage,meram-alakova-ortaokulu,https://teachera.com.tr/bursluluk-2026?utm_source=youtube&utm_medium=paid_social&utm_campaign=bursluluk_2026_school_coverage&utm_content=meram-alakova-ortaokulu&utm_term=meram
Ali İhsan Dayıoğlugil İlkokulu,MERAM,Konya,outdoor_qr,konya_outdoor,qr,bursluluk_2026_school_coverage,meram-ali-ihsan-dayioglugil-ilkokulu,https://teachera.com.tr/bursluluk-2026?utm_source=konya_outdoor&utm_medium=qr&utm_campaign=bursluluk_2026_school_coverage&utm_content=meram-ali-ihsan-dayioglugil-ilkokulu&utm_term=meram
Ali Taşoluk İlkokulu,MERAM,Konya,mall_screen,konya_avm,screen,bursluluk_2026_school_coverage,meram-ali-tasoluk-ilkokulu,https://teachera.com.tr/bursluluk-2026?utm_source=konya_avm&utm_medium=screen&utm_campaign=bursluluk_2026_school_coverage&utm_content=meram-ali-tasoluk-ilkokulu&utm_term=meram
Atatürk İlkokulu,MERAM,Konya,social_paid,instagram,paid_social,bursluluk_2026_school_coverage,meram-ataturk-ilkokulu,https://teachera.com.tr/bursluluk-2026?utm_source=instagram&utm_medium=paid_social&utm_campaign=bursluluk_2026_school_coverage&utm_content=meram-ataturk-ilkokulu&utm_term=meram
Aybahçe Mah. Ahmet Haşhaş İlkokulu,MERAM,Konya,social_paid,facebook,paid_social,bursluluk_2026_school_coverage,meram-aybahce-mah-ahmet-hashas-ilkokulu,https://teachera.com.tr/bursluluk-2026?utm_source=facebook&utm_medium=paid_social&utm_campaign=bursluluk_2026_school_coverage&utm_content=meram-aybahce-mah-ahmet-hashas-ilkokulu&utm_term=meram
Aybahçe Toki Şehit Süleyman Ballan İlkokulu,MERAM,Konya,social_paid,youtube,paid_social,bursluluk_2026_school_coverage,meram-aybahce-toki-sehit-suleyman-ballan-ilkokulu,https://teachera.com.tr/bursluluk-2026?utm_source=youtube&utm_medium=paid_social&utm_campaign=bursluluk_2026_school_coverage&utm_content=meram-aybahce-toki-sehit-suleyman-ballan-ilkokulu&utm_term=meram
