school_name,district,city,channel_group,utm_source,utm_medium,utm_campaign,utm_content,apply_url,message_sms,message_whatsapp,missing_in_campaign,missing_in_same_day_attr,priority_reason,send_owner,send_channel_actual,sent_at,delivery_proof,status
Çatalhüyük Anadolu Lisesi,KARATAY,Konya,outdoor_qr,konya_outdoor,qr,bursluluk_2026_school_coverage,karatay-catalhuyuk-anadolu-lisesi,https://teachera.com.tr/bursluluk-2026?utm_source=konya_outdoor&utm_medium=qr&utm_campaign=bursluluk_2026_school_coverage&utm_content=karatay-catalhuyuk-anadolu-lisesi&utm_term=karatay,"Merhaba Çatalhüyük Anadolu Lisesi velileri, Teachera Bursluluk Sinavi 2026 basvurulari acildi. Basvuru linki: https://teachera.com.tr/bursluluk-2026?utm_source=konya_outdoor&utm_medium=qr&utm_campaign=bursluluk_2026_school_coverage&utm_content=karatay-catalhuyuk-anadolu-lisesi&utm_term=karatay","Merhaba Çatalhüyük Anadolu Lisesi velileri. Teachera Bursluluk Sinavi 2026 basvurusu icin link: https://teachera.com.tr/bursluluk-2026?utm_source=konya_outdoor&utm_medium=qr&utm_campaign=bursluluk_2026_school_coverage&utm_content=karatay-catalhuyuk-anadolu-lisesi&utm_term=karatay
Sorulariniz icin bu numaraya yazabilirsiniz.",YES,YES,URGENT_NO_ATTRIBUTION,,,,,READY_TO_SEND_TODAY
Gevher Nesibe Hatun İmam Hatip Ortaokulu,KARATAY,Konya,outdoor_qr,konya_outdoor,qr,bursluluk_2026_school_coverage,karatay-gevher-nesibe-hatun-imam-hatip-ortaokulu,https://teachera.com.tr/bursluluk-2026?utm_source=konya_outdoor&utm_medium=qr&utm_campaign=bursluluk_2026_school_coverage&utm_content=karatay-gevher-nesibe-hatun-imam-hatip-ortaokulu&utm_term=karatay,"Merhaba Gevher Nesibe Hatun İmam Hatip Ortaokulu velileri, Teachera Bursluluk Sinavi 2026 basvurulari acildi. Basvuru linki: https://teachera.com.tr/bursluluk-2026?utm_source=konya_outdoor&utm_medium=qr&utm_campaign=bursluluk_2026_school_coverage&utm_content=karatay-gevher-nesibe-hatun-imam-hatip-ortaokulu&utm_term=karatay","Merhaba Gevher Nesibe Hatun İmam Hatip Ortaokulu velileri. Teachera Bursluluk Sinavi 2026 basvurusu icin link: https://teachera.com.tr/bursluluk-2026?utm_source=konya_outdoor&utm_medium=qr&utm_campaign=bursluluk_2026_school_coverage&utm_content=karatay-gevher-nesibe-hatun-imam-hatip-ortaokulu&utm_term=karatay
Sorulariniz icin bu numaraya yazabilirsiniz.",YES,YES,URGENT_NO_ATTRIBUTION,,,,,READY_TO_SEND_TODAY
Hacıveyiszade Anadolu İmam Hatip Lisesi,KARATAY,Konya,outdoor_qr,konya_outdoor,qr,bursluluk_2026_school_coverage,karatay-haciveyiszade-anadolu-imam-hatip-lisesi,https://teachera.com.tr/bursluluk-2026?utm_source=konya_outdoor&utm_medium=qr&utm_campaign=bursluluk_2026_school_coverage&utm_content=karatay-haciveyiszade-anadolu-imam-hatip-lisesi&utm_term=karatay,"Merhaba Hacıveyiszade Anadolu İmam Hatip Lisesi velileri, Teachera Bursluluk Sinavi 2026 basvurulari acildi. Basvuru linki: https://teachera.com.tr/bursluluk-2026?utm_source=konya_outdoor&utm_medium=qr&utm_campaign=bursluluk_2026_school_coverage&utm_content=karatay-haciveyiszade-anadolu-imam-hatip-lisesi&utm_term=karatay","Merhaba Hacıveyiszade Anadolu İmam Hatip Lisesi velileri. Teachera Bursluluk Sinavi 2026 basvurusu icin link: https://teachera.com.tr/bursluluk-2026?utm_source=konya_outdoor&utm_medium=qr&utm_campaign=bursluluk_2026_school_coverage&utm_content=karatay-haciveyiszade-anadolu-imam-hatip-lisesi&utm_term=karatay
Sorulariniz icin bu numaraya yazabilirsiniz.",YES,YES,URGENT_NO_ATTRIBUTION,,,,,READY_TO_SEND_TODAY
Hayıroğlu İlkokulu,KARATAY,Konya,outdoor_qr,konya_outdoor,qr,bursluluk_2026_school_coverage,karatay-hayiroglu-ilkokulu,https://teachera.com.tr/bursluluk-2026?utm_source=konya_outdoor&utm_medium=qr&utm_campaign=bursluluk_2026_school_coverage&utm_content=karatay-hayiroglu-ilkokulu&utm_term=karatay,"Merhaba Hayıroğlu İlkokulu velileri, Teachera Bursluluk Sinavi 2026 basvurulari acildi. Basvuru linki: https://teachera.com.tr/bursluluk-2026?utm_source=konya_outdoor&utm_medium=qr&utm_campaign=bursluluk_2026_school_coverage&utm_content=karatay-hayiroglu-ilkokulu&utm_term=karatay","Merhaba Hayıroğlu İlkokulu velileri. Teachera Bursluluk Sinavi 2026 basvurusu icin link: https://teachera.com.tr/bursluluk-2026?utm_source=konya_outdoor&utm_medium=qr&utm_campaign=bursluluk_2026_school_coverage&utm_content=karatay-hayiroglu-ilkokulu&utm_term=karatay
Sorulariniz icin bu numaraya yazabilirsiniz.",YES,YES,URGENT_NO_ATTRIBUTION,,,,,READY_TO_SEND_TODAY
İlhan-Nuran Keskin İlkokulu,KARATAY,Konya,outdoor_qr,konya_outdoor,qr,bursluluk_2026_school_coverage,karatay-ilhan-nuran-keskin-ilkokulu,https://teachera.com.tr/bursluluk-2026?utm_source=konya_outdoor&utm_medium=qr&utm_campaign=bursluluk_2026_school_coverage&utm_content=karatay-ilhan-nuran-keskin-ilkokulu&utm_term=karatay,"Merhaba İlhan-Nuran Keskin İlkokulu velileri, Teachera Bursluluk Sinavi 2026 basvurulari acildi. Basvuru linki: https://teachera.com.tr/bursluluk-2026?utm_source=konya_outdoor&utm_medium=qr&utm_campaign=bursluluk_2026_school_coverage&utm_content=karatay-ilhan-nuran-keskin-ilkokulu&utm_term=karatay","Merhaba İlhan-Nuran Keskin İlkokulu velileri. Teachera Bursluluk Sinavi 2026 basvurusu icin link: https://teachera.com.tr/bursluluk-2026?utm_source=konya_outdoor&utm_medium=qr&utm_campaign=bursluluk_2026_school_coverage&utm_content=karatay-ilhan-nuran-keskin-ilkokulu&utm_term=karatay
Sorulariniz icin bu numaraya yazabilirsiniz.",YES,YES,URGENT_NO_ATTRIBUTION,,,,,READY_TO_SEND_TODAY
İstiklal Ortaokulu,KARATAY,Konya,outdoor_qr,konya_outdoor,qr,bursluluk_2026_school_coverage,karatay-istiklal-ortaokulu,https://teachera.com.tr/bursluluk-2026?utm_source=konya_outdoor&utm_medium=qr&utm_campaign=bursluluk_2026_school_coverage&utm_content=karatay-istiklal-ortaokulu&utm_term=karatay,"Merhaba İstiklal Ortaokulu velileri, Teachera Bursluluk Sinavi 2026 basvurulari acildi. Basvuru linki: https://teachera.com.tr/bursluluk-2026?utm_source=konya_outdoor&utm_medium=qr&utm_campaign=bursluluk_2026_school_coverage&utm_content=karatay-istiklal-ortaokulu&utm_term=karatay","Merhaba İstiklal Ortaokulu velileri. Teachera Bursluluk Sinavi 2026 basvurusu icin link: https://teachera.com.tr/bursluluk-2026?utm_source=konya_outdoor&utm_medium=qr&utm_campaign=bursluluk_2026_school_coverage&utm_content=karatay-istiklal-ortaokulu&utm_term=karatay
Sorulariniz icin bu numaraya yazabilirsiniz.",YES,YES,URGENT_NO_ATTRIBUTION,,,,,READY_TO_SEND_TODAY
Karatay 15 Temmuz Şehitleri Anadolu Lisesi,KARATAY,Konya,outdoor_qr,konya_outdoor,qr,bursluluk_2026_school_coverage,karatay-karatay-15-temmuz-sehitleri-anadolu-lisesi,https://teachera.com.tr/bursluluk-2026?utm_source=konya_outdoor&utm_medium=qr&utm_campaign=bursluluk_2026_school_coverage&utm_content=karatay-karatay-15-temmuz-sehitleri-anadolu-lisesi&utm_term=karatay,"Merhaba Karatay 15 Temmuz Şehitleri Anadolu Lisesi velileri, Teachera Bursluluk Sinavi 2026 basvurulari acildi. Basvuru linki: https://teachera.com.tr/bursluluk-2026?utm_source=konya_outdoor&utm_medium=qr&utm_campaign=bursluluk_2026_school_coverage&utm_content=karatay-karatay-15-temmuz-sehitleri-anadolu-lisesi&utm_term=karatay","Merhaba Karatay 15 Temmuz Şehitleri Anadolu Lisesi velileri. Teachera Bursluluk Sinavi 2026 basvurusu icin link: https://teachera.com.tr/bursluluk-2026?utm_source=konya_outdoor&utm_medium=qr&utm_campaign=bursluluk_2026_school_coverage&utm_content=karatay-karatay-15-temmuz-sehitleri-anadolu-lisesi&utm_term=karatay
Sorulariniz icin bu numaraya yazabilirsiniz.",YES,YES,URGENT_NO_ATTRIBUTION,,,,,READY_TO_SEND_TODAY
Karatay Belediyesi Osman Benliler İlkokulu,KARATAY,Konya,outdoor_qr,konya_outdoor,qr,bursluluk_2026_school_coverage,karatay-karatay-belediyesi-osman-benliler-ilkokulu,https://teachera.com.tr/bursluluk-2026?utm_source=konya_outdoor&utm_medium=qr&utm_campaign=bursluluk_2026_school_coverage&utm_content=karatay-karatay-belediyesi-osman-benliler-ilkokulu&utm_term=karatay,"Merhaba Karatay Belediyesi Osman Benliler İlkokulu velileri, Teachera Bursluluk Sinavi 2026 basvurulari acildi. Basvuru linki: https://teachera.com.tr/bursluluk-2026?utm_source=konya_outdoor&utm_medium=qr&utm_campaign=bursluluk_2026_school_coverage&utm_content=karatay-karatay-belediyesi-osman-benliler-ilkokulu&utm_term=karatay","Merhaba Karatay Belediyesi Osman Benliler İlkokulu velileri. Teachera Bursluluk Sinavi 2026 basvurusu icin link: https://teachera.com.tr/bursluluk-2026?utm_source=konya_outdoor&utm_medium=qr&utm_campaign=bursluluk_2026_school_coverage&utm_content=karatay-karatay-belediyesi-osman-benliler-ilkokulu&utm_term=karatay
Sorulariniz icin bu numaraya yazabilirsiniz.",YES,YES,URGENT_NO_ATTRIBUTION,,,,,READY_TO_SEND_TODAY
Karatay Hürriyet Ortaokulu,KARATAY,Konya,outdoor_qr,konya_outdoor,qr,bursluluk_2026_school_coverage,karatay-karatay-hurriyet-ortaokulu,https://teachera.com.tr/bursluluk-2026?utm_source=konya_outdoor&utm_medium=qr&utm_campaign=bursluluk_2026_school_coverage&utm_content=karatay-karatay-hurriyet-ortaokulu&utm_term=karatay,"Merhaba Karatay Hürriyet Ortaokulu velileri, Teachera Bursluluk Sinavi 2026 basvurulari acildi. Basvuru linki: https://teachera.com.tr/bursluluk-2026?utm_source=konya_outdoor&utm_medium=qr&utm_campaign=bursluluk_2026_school_coverage&utm_content=karatay-karatay-hurriyet-ortaokulu&utm_term=karatay","Merhaba Karatay Hürriyet Ortaokulu velileri. Teachera Bursluluk Sinavi 2026 basvurusu icin link: https://teachera.com.tr/bursluluk-2026?utm_source=konya_outdoor&utm_medium=qr&utm_campaign=bursluluk_2026_school_coverage&utm_content=karatay-karatay-hurriyet-ortaokulu&utm_term=karatay
Sorulariniz icin bu numaraya yazabilirsiniz.",YES,YES,URGENT_NO_ATTRIBUTION,,,,,READY_TO_SEND_TODAY
Karatay Sadreddin Konevi Anadolu İmam Hatip Lisesi,KARATAY,Konya,outdoor_qr,konya_outdoor,qr,bursluluk_2026_school_coverage,karatay-karatay-sadreddin-konevi-anadolu-imam-hatip-lisesi,https://teachera.com.tr/bursluluk-2026?utm_source=konya_outdoor&utm_medium=qr&utm_campaign=bursluluk_2026_school_coverage&utm_content=karatay-karatay-sadreddin-konevi-anadolu-imam-hatip-lisesi&utm_term=karatay,"Merhaba Karatay Sadreddin Konevi Anadolu İmam Hatip Lisesi velileri, Teachera Bursluluk Sinavi 2026 basvurulari acildi. Basvuru linki: https://teachera.com.tr/bursluluk-2026?utm_source=konya_outdoor&utm_medium=qr&utm_campaign=bursluluk_2026_school_coverage&utm_content=karatay-karatay-sadreddin-konevi-anadolu-imam-hatip-lisesi&utm_term=karatay","Merhaba Karatay Sadreddin Konevi Anadolu İmam Hatip Lisesi velileri. Teachera Bursluluk Sinavi 2026 basvurusu icin link: https://teachera.com.tr/bursluluk-2026?utm_source=konya_outdoor&utm_medium=qr&utm_campaign=bursluluk_2026_school_coverage&utm_content=karatay-karatay-sadreddin-konevi-anadolu-imam-hatip-lisesi&utm_term=karatay
Sorulariniz icin bu numaraya yazabilirsiniz.",YES,YES,URGENT_NO_ATTRIBUTION,,,,,READY_TO_SEND_TODAY
Konya Anadolu İmam Hatip Lisesi,KARATAY,Konya,outdoor_qr,konya_outdoor,qr,bursluluk_2026_school_coverage,karatay-konya-anadolu-imam-hatip-lisesi,https://teachera.com.tr/bursluluk-2026?utm_source=konya_outdoor&utm_medium=qr&utm_campaign=bursluluk_2026_school_coverage&utm_content=karatay-konya-anadolu-imam-hatip-lisesi&utm_term=karatay,"Merhaba Konya Anadolu İmam Hatip Lisesi velileri, Teachera Bursluluk Sinavi 2026 basvurulari acildi. Basvuru linki: https://teachera.com.tr/bursluluk-2026?utm_source=konya_outdoor&utm_medium=qr&utm_campaign=bursluluk_2026_school_coverage&utm_content=karatay-konya-anadolu-imam-hatip-lisesi&utm_term=karatay","Merhaba Konya Anadolu İmam Hatip Lisesi velileri. Teachera Bursluluk Sinavi 2026 basvurusu icin link: https://teachera.com.tr/bursluluk-2026?utm_source=konya_outdoor&utm_medium=qr&utm_campaign=bursluluk_2026_school_coverage&utm_content=karatay-konya-anadolu-imam-hatip-lisesi&utm_term=karatay
Sorulariniz icin bu numaraya yazabilirsiniz.",YES,YES,URGENT_NO_ATTRIBUTION,,,,,READY_TO_SEND_TODAY
Mahide Koşukçu İlkokulu,KARATAY,Konya,outdoor_qr,konya_outdoor,qr,bursluluk_2026_school_coverage,karatay-mahide-kosukcu-ilkokulu,https://teachera.com.tr/bursluluk-2026?utm_source=konya_outdoor&utm_medium=qr&utm_campaign=bursluluk_2026_school_coverage&utm_content=karatay-mahide-kosukcu-ilkokulu&utm_term=karatay,"Merhaba Mahide Koşukçu İlkokulu velileri, Teachera Bursluluk Sinavi 2026 basvurulari acildi. Basvuru linki: https://teachera.com.tr/bursluluk-2026?utm_source=konya_outdoor&utm_medium=qr&utm_campaign=bursluluk_2026_school_coverage&utm_content=karatay-mahide-kosukcu-ilkokulu&utm_term=karatay","Merhaba Mahide Koşukçu İlkokulu velileri. Teachera Bursluluk Sinavi 2026 basvurusu icin link: https://teachera.com.tr/bursluluk-2026?utm_source=konya_outdoor&utm_medium=qr&utm_campaign=bursluluk_2026_school_coverage&utm_content=karatay-mahide-kosukcu-ilkokulu&utm_term=karatay
Sorulariniz icin bu numaraya yazabilirsiniz.",YES,YES,URGENT_NO_ATTRIBUTION,,,,,READY_TO_SEND_TODAY
Müslüme Ali Yaman İmam Hatip Ortaokulu,KARATAY,Konya,outdoor_qr,konya_outdoor,qr,bursluluk_2026_school_coverage,karatay-muslume-ali-yaman-imam-hatip-ortaokulu,https://teachera.com.tr/bursluluk-2026?utm_source=konya_outdoor&utm_medium=qr&utm_campaign=bursluluk_2026_school_coverage&utm_content=karatay-muslume-ali-yaman-imam-hatip-ortaokulu&utm_term=karatay,"Merhaba Müslüme Ali Yaman İmam Hatip Ortaokulu velileri, Teachera Bursluluk Sinavi 2026 basvurulari acildi. Basvuru linki: https://teachera.com.tr/bursluluk-2026?utm_source=konya_outdoor&utm_medium=qr&utm_campaign=bursluluk_2026_school_coverage&utm_content=karatay-muslume-ali-yaman-imam-hatip-ortaokulu&utm_term=karatay","Merhaba Müslüme Ali Yaman İmam Hatip Ortaokulu velileri. Teachera Bursluluk Sinavi 2026 basvurusu icin link: https://teachera.com.tr/bursluluk-2026?utm_source=konya_outdoor&utm_medium=qr&utm_campaign=bursluluk_2026_school_coverage&utm_content=karatay-muslume-ali-yaman-imam-hatip-ortaokulu&utm_term=karatay
Sorulariniz icin bu numaraya yazabilirsiniz.",YES,YES,URGENT_NO_ATTRIBUTION,,,,,READY_TO_SEND_TODAY
Orhan Gazi İlkokulu,KARATAY,Konya,outdoor_qr,konya_outdoor,qr,bursluluk_2026_school_coverage,karatay-orhan-gazi-ilkokulu,https://teachera.com.tr/bursluluk-2026?utm_source=konya_outdoor&utm_medium=qr&utm_campaign=bursluluk_2026_school_coverage&utm_content=karatay-orhan-gazi-ilkokulu&utm_term=karatay,"Merhaba Orhan Gazi İlkokulu velileri, Teachera Bursluluk Sinavi 2026 basvurulari acildi. Basvuru linki: https://teachera.com.tr/bursluluk-2026?utm_source=konya_outdoor&utm_medium=qr&utm_campaign=bursluluk_2026_school_coverage&utm_content=karatay-orhan-gazi-ilkokulu&utm_term=karatay","Merhaba Orhan Gazi İlkokulu velileri. Teachera Bursluluk Sinavi 2026 basvurusu icin link: https://teachera.com.tr/bursluluk-2026?utm_source=konya_outdoor&utm_medium=qr&utm_campaign=bursluluk_2026_school_coverage&utm_content=karatay-orhan-gazi-ilkokulu&utm_term=karatay
Sorulariniz icin bu numaraya yazabilirsiniz.",YES,YES,URGENT_NO_ATTRIBUTION,,,,,READY_TO_SEND_TODAY
Saraçoğlu Ahmet Haşhaş İlkokulu,KARATAY,Konya,outdoor_qr,konya_outdoor,qr,bursluluk_2026_school_coverage,karatay-saracoglu-ahmet-hashas-ilkokulu,https://teachera.com.tr/bursluluk-2026?utm_source=konya_outdoor&utm_medium=qr&utm_campaign=bursluluk_2026_school_coverage&utm_content=karatay-saracoglu-ahmet-hashas-ilkokulu&utm_term=karatay,"Merhaba Saraçoğlu Ahmet Haşhaş İlkokulu velileri, Teachera Bursluluk Sinavi 2026 basvurulari acildi. Basvuru linki: https://teachera.com.tr/bursluluk-2026?utm_source=konya_outdoor&utm_medium=qr&utm_campaign=bursluluk_2026_school_coverage&utm_content=karatay-saracoglu-ahmet-hashas-ilkokulu&utm_term=karatay","Merhaba Saraçoğlu Ahmet Haşhaş İlkokulu velileri. Teachera Bursluluk Sinavi 2026 basvurusu icin link: https://teachera.com.tr/bursluluk-2026?utm_source=konya_outdoor&utm_medium=qr&utm_campaign=bursluluk_2026_school_coverage&utm_content=karatay-saracoglu-ahmet-hashas-ilkokulu&utm_term=karatay
Sorulariniz icin bu numaraya yazabilirsiniz.",YES,YES,URGENT_NO_ATTRIBUTION,,,,,READY_TO_SEND_TODAY
Süleyman Şah Anadolu Lisesi,KARATAY,Konya,outdoor_qr,konya_outdoor,qr,bursluluk_2026_school_coverage,karatay-suleyman-sah-anadolu-lisesi,https://teachera.com.tr/bursluluk-2026?utm_source=konya_outdoor&utm_medium=qr&utm_campaign=bursluluk_2026_school_coverage&utm_content=karatay-suleyman-sah-anadolu-lisesi&utm_term=karatay,"Merhaba Süleyman Şah Anadolu Lisesi velileri, Teachera Bursluluk Sinavi 2026 basvurulari acildi. Basvuru linki: https://teachera.com.tr/bursluluk-2026?utm_source=konya_outdoor&utm_medium=qr&utm_campaign=bursluluk_2026_school_coverage&utm_content=karatay-suleyman-sah-anadolu-lisesi&utm_term=karatay","Merhaba Süleyman Şah Anadolu Lisesi velileri. Teachera Bursluluk Sinavi 2026 basvurusu icin link: https://teachera.com.tr/bursluluk-2026?utm_source=konya_outdoor&utm_medium=qr&utm_campaign=bursluluk_2026_school_coverage&utm_content=karatay-suleyman-sah-anadolu-lisesi&utm_term=karatay
Sorulariniz icin bu numaraya yazabilirsiniz.",YES,YES,URGENT_NO_ATTRIBUTION,,,,,READY_TO_SEND_TODAY
Şehit Erol Olçok İlkokulu,KARATAY,Konya,outdoor_qr,konya_outdoor,qr,bursluluk_2026_school_coverage,karatay-sehit-erol-olcok-ilkokulu,https://teachera.com.tr/bursluluk-2026?utm_source=konya_outdoor&utm_medium=qr&utm_campaign=bursluluk_2026_school_coverage&utm_content=karatay-sehit-erol-olcok-ilkokulu&utm_term=karatay,"Merhaba Şehit Erol Olçok İlkokulu velileri, Teachera Bursluluk Sinavi 2026 basvurulari acildi. Basvuru linki: https://teachera.com.tr/bursluluk-2026?utm_source=konya_outdoor&utm_medium=qr&utm_campaign=bursluluk_2026_school_coverage&utm_content=karatay-sehit-erol-olcok-ilkokulu&utm_term=karatay","Merhaba Şehit Erol Olçok İlkokulu velileri. Teachera Bursluluk Sinavi 2026 basvurusu icin link: https://teachera.com.tr/bursluluk-2026?utm_source=konya_outdoor&utm_medium=qr&utm_campaign=bursluluk_2026_school_coverage&utm_content=karatay-sehit-erol-olcok-ilkokulu&utm_term=karatay
Sorulariniz icin bu numaraya yazabilirsiniz.",YES,YES,URGENT_NO_ATTRIBUTION,,,,,READY_TO_SEND_TODAY
Uluırmak Hürriyet İmam Hatip Ortaokulu,KARATAY,Konya,outdoor_qr,konya_outdoor,qr,bursluluk_2026_school_coverage,karatay-uluirmak-hurriyet-imam-hatip-ortaokulu,https://teachera.com.tr/bursluluk-2026?utm_source=konya_outdoor&utm_medium=qr&utm_campaign=bursluluk_2026_school_coverage&utm_content=karatay-uluirmak-hurriyet-imam-hatip-ortaokulu&utm_term=karatay,"Merhaba Uluırmak Hürriyet İmam Hatip Ortaokulu velileri, Teachera Bursluluk Sinavi 2026 basvurulari acildi. Basvuru linki: https://teachera.com.tr/bursluluk-2026?utm_source=konya_outdoor&utm_medium=qr&utm_campaign=bursluluk_2026_school_coverage&utm_content=karatay-uluirmak-hurriyet-imam-hatip-ortaokulu&utm_term=karatay","Merhaba Uluırmak Hürriyet İmam Hatip Ortaokulu velileri. Teachera Bursluluk Sinavi 2026 basvurusu icin link: https://teachera.com.tr/bursluluk-2026?utm_source=konya_outdoor&utm_medium=qr&utm_campaign=bursluluk_2026_school_coverage&utm_content=karatay-uluirmak-hurriyet-imam-hatip-ortaokulu&utm_term=karatay
Sorulariniz icin bu numaraya yazabilirsiniz.",YES,YES,URGENT_NO_ATTRIBUTION,,,,,READY_TO_SEND_TODAY
Yaşar Doğu Ortaokulu,KARATAY,Konya,outdoor_qr,konya_outdoor,qr,bursluluk_2026_school_coverage,karatay-yasar-dogu-ortaokulu,https://teachera.com.tr/bursluluk-2026?utm_source=konya_outdoor&utm_medium=qr&utm_campaign=bursluluk_2026_school_coverage&utm_content=karatay-yasar-dogu-ortaokulu&utm_term=karatay,"Merhaba Yaşar Doğu Ortaokulu velileri, Teachera Bursluluk Sinavi 2026 basvurulari acildi. Basvuru linki: https://teachera.com.tr/bursluluk-2026?utm_source=konya_outdoor&utm_medium=qr&utm_campaign=bursluluk_2026_school_coverage&utm_content=karatay-yasar-dogu-ortaokulu&utm_term=karatay","Merhaba Yaşar Doğu Ortaokulu velileri. Teachera Bursluluk Sinavi 2026 basvurusu icin link: https://teachera.com.tr/bursluluk-2026?utm_source=konya_outdoor&utm_medium=qr&utm_campaign=bursluluk_2026_school_coverage&utm_content=karatay-yasar-dogu-ortaokulu&utm_term=karatay
Sorulariniz icin bu numaraya yazabilirsiniz.",YES,YES,URGENT_NO_ATTRIBUTION,,,,,READY_TO_SEND_TODAY
Zeliha Seymen İlkokulu,KARATAY,Konya,outdoor_qr,konya_outdoor,qr,bursluluk_2026_school_coverage,karatay-zeliha-seymen-ilkokulu,https://teachera.com.tr/bursluluk-2026?utm_source=konya_outdoor&utm_medium=qr&utm_campaign=bursluluk_2026_school_coverage&utm_content=karatay-zeliha-seymen-ilkokulu&utm_term=karatay,"Merhaba Zeliha Seymen İlkokulu velileri, Teachera Bursluluk Sinavi 2026 basvurulari acildi. Basvuru linki: https://teachera.com.tr/bursluluk-2026?utm_source=konya_outdoor&utm_medium=qr&utm_campaign=bursluluk_2026_school_coverage&utm_content=karatay-zeliha-seymen-ilkokulu&utm_term=karatay","Merhaba Zeliha Seymen İlkokulu velileri. Teachera Bursluluk Sinavi 2026 basvurusu icin link: https://teachera.com.tr/bursluluk-2026?utm_source=konya_outdoor&utm_medium=qr&utm_campaign=bursluluk_2026_school_coverage&utm_content=karatay-zeliha-seymen-ilkokulu&utm_term=karatay
Sorulariniz icin bu numaraya yazabilirsiniz.",YES,YES,URGENT_NO_ATTRIBUTION,,,,,READY_TO_SEND_TODAY
Ahmet Azmi-Makbule Elberk İlkokulu,MERAM,Konya,outdoor_qr,konya_outdoor,qr,bursluluk_2026_school_coverage,meram-ahmet-azmi-makbule-elberk-ilkokulu,https://teachera.com.tr/bursluluk-2026?utm_source=konya_outdoor&utm_medium=qr&utm_campaign=bursluluk_2026_school_coverage&utm_content=meram-ahmet-azmi-makbule-elberk-ilkokulu&utm_term=meram,"Merhaba Ahmet Azmi-Makbule Elberk İlkokulu velileri, Teachera Bursluluk Sinavi 2026 basvurulari acildi. Basvuru linki: https://teachera.com.tr/bursluluk-2026?utm_source=konya_outdoor&utm_medium=qr&utm_campaign=bursluluk_2026_school_coverage&utm_content=meram-ahmet-azmi-makbule-elberk-ilkokulu&utm_term=meram","Merhaba Ahmet Azmi-Makbule Elberk İlkokulu velileri. Teachera Bursluluk Sinavi 2026 basvurusu icin link: https://teachera.com.tr/bursluluk-2026?utm_source=konya_outdoor&utm_medium=qr&utm_campaign=bursluluk_2026_school_coverage&utm_content=meram-ahmet-azmi-makbule-elberk-ilkokulu&utm_term=meram
Sorulariniz icin bu numaraya yazabilirsiniz.",YES,YES,URGENT_NO_ATTRIBUTION,,,,,READY_TO_SEND_TODAY
Ali İhsan Dayıoğlugil İlkokulu,MERAM,Konya,outdoor_qr,konya_outdoor,qr,bursluluk_2026_school_coverage,meram-ali-ihsan-dayioglugil-ilkokulu,https://teachera.com.tr/bursluluk-2026?utm_source=konya_outdoor&utm_medium=qr&utm_campaign=bursluluk_2026_school_coverage&utm_content=meram-ali-ihsan-dayioglugil-ilkokulu&utm_term=meram,"Merhaba Ali İhsan Dayıoğlugil İlkokulu velileri, Teachera Bursluluk Sinavi 2026 basvurulari acildi. Basvuru linki: https://teachera.com.tr/bursluluk-2026?utm_source=konya_outdoor&utm_medium=qr&utm_campaign=bursluluk_2026_school_coverage&utm_content=meram-ali-ihsan-dayioglugil-ilkokulu&utm_term=meram","Merhaba Ali İhsan Dayıoğlugil İlkokulu velileri. Teachera Bursluluk Sinavi 2026 basvurusu icin link: https://teachera.com.tr/bursluluk-2026?utm_source=konya_outdoor&utm_medium=qr&utm_campaign=bursluluk_2026_school_coverage&utm_content=meram-ali-ihsan-dayioglugil-ilkokulu&utm_term=meram
Sorulariniz icin bu numaraya yazabilirsiniz.",YES,YES,URGENT_NO_ATTRIBUTION,,,,,READY_TO_SEND_TODAY
Akabe İmam Hatip Ortaokulu,KARATAY,Konya,social_paid,instagram,paid_social,bursluluk_2026_school_coverage,karatay-akabe-imam-hatip-ortaokulu,https://teachera.com.tr/bursluluk-2026?utm_source=instagram&utm_medium=paid_social&utm_campaign=bursluluk_2026_school_coverage&utm_content=karatay-akabe-imam-hatip-ortaokulu&utm_term=karatay,"Merhaba Akabe İmam Hatip Ortaokulu velileri, Teachera Bursluluk Sinavi 2026 basvurulari acildi. Basvuru linki: https://teachera.com.tr/bursluluk-2026?utm_source=instagram&utm_medium=paid_social&utm_campaign=bursluluk_2026_school_coverage&utm_content=karatay-akabe-imam-hatip-ortaokulu&utm_term=karatay","Merhaba Akabe İmam Hatip Ortaokulu velileri. Teachera Bursluluk Sinavi 2026 basvurusu icin link: https://teachera.com.tr/bursluluk-2026?utm_source=instagram&utm_medium=paid_social&utm_campaign=bursluluk_2026_school_coverage&utm_content=karatay-akabe-imam-hatip-ortaokulu&utm_term=karatay
Sorulariniz icin bu numaraya yazabilirsiniz.",YES,YES,URGENT_NO_ATTRIBUTION,,,,,READY_TO_SEND_TODAY
Akçesme İlkokulu,KARATAY,Konya,social_paid,facebook,paid_social,bursluluk_2026_school_coverage,karatay-akcesme-ilkokulu,https://teachera.com.tr/bursluluk-2026?utm_source=facebook&utm_medium=paid_social&utm_campaign=bursluluk_2026_school_coverage&utm_content=karatay-akcesme-ilkokulu&utm_term=karatay,"Merhaba Akçesme İlkokulu velileri, Teachera Bursluluk Sinavi 2026 basvurulari acildi. Basvuru linki: https://teachera.com.tr/bursluluk-2026?utm_source=facebook&utm_medium=paid_social&utm_campaign=bursluluk_2026_school_coverage&utm_content=karatay-akcesme-ilkokulu&utm_term=karatay","Merhaba Akçesme İlkokulu velileri. Teachera Bursluluk Sinavi 2026 basvurusu icin link: https://teachera.com.tr/bursluluk-2026?utm_source=facebook&utm_medium=paid_social&utm_campaign=bursluluk_2026_school_coverage&utm_content=karatay-akcesme-ilkokulu&utm_term=karatay
Sorulariniz icin bu numaraya yazabilirsiniz.",YES,YES,URGENT_NO_ATTRIBUTION,,,,,READY_TO_SEND_TODAY
Akif Paşa İlkokulu,KARATAY,Konya,social_paid,youtube,paid_social,bursluluk_2026_school_coverage,karatay-akif-pasa-ilkokulu,https://teachera.com.tr/bursluluk-2026?utm_source=youtube&utm_medium=paid_social&utm_campaign=bursluluk_2026_school_coverage&utm_content=karatay-akif-pasa-ilkokulu&utm_term=karatay,"Merhaba Akif Paşa İlkokulu velileri, Teachera Bursluluk Sinavi 2026 basvurulari acildi. Basvuru linki: https://teachera.com.tr/bursluluk-2026?utm_source=youtube&utm_medium=paid_social&utm_campaign=bursluluk_2026_school_coverage&utm_content=karatay-akif-pasa-ilkokulu&utm_term=karatay","Merhaba Akif Paşa İlkokulu velileri. Teachera Bursluluk Sinavi 2026 basvurusu icin link: https://teachera.com.tr/bursluluk-2026?utm_source=youtube&utm_medium=paid_social&utm_campaign=bursluluk_2026_school_coverage&utm_content=karatay-akif-pasa-ilkokulu&utm_term=karatay
Sorulariniz icin bu numaraya yazabilirsiniz.",YES,YES,URGENT_NO_ATTRIBUTION,,,,,READY_TO_SEND_TODAY
Aynur Kasabalı İlkokulu,KARATAY,Konya,social_paid,instagram,paid_social,bursluluk_2026_school_coverage,karatay-aynur-kasabali-ilkokulu,https://teachera.com.tr/bursluluk-2026?utm_source=instagram&utm_medium=paid_social&utm_campaign=bursluluk_2026_school_coverage&utm_content=karatay-aynur-kasabali-ilkokulu&utm_term=karatay,"Merhaba Aynur Kasabalı İlkokulu velileri, Teachera Bursluluk Sinavi 2026 basvurulari acildi. Basvuru linki: https://teachera.com.tr/bursluluk-2026?utm_source=instagram&utm_medium=paid_social&utm_campaign=bursluluk_2026_school_coverage&utm_content=karatay-aynur-kasabali-ilkokulu&utm_term=karatay","Merhaba Aynur Kasabalı İlkokulu velileri. Teachera Bursluluk Sinavi 2026 basvurusu icin link: https://teachera.com.tr/bursluluk-2026?utm_source=instagram&utm_medium=paid_social&utm_campaign=bursluluk_2026_school_coverage&utm_content=karatay-aynur-kasabali-ilkokulu&utm_term=karatay
Sorulariniz icin bu numaraya yazabilirsiniz.",YES,YES,URGENT_NO_ATTRIBUTION,,,,,READY_TO_SEND_TODAY
Ayşe Hüseyin Özkan İlkokulu,KARATAY,Konya,social_paid,facebook,paid_social,bursluluk_2026_school_coverage,karatay-ayse-huseyin-ozkan-ilkokulu,https://teachera.com.tr/bursluluk-2026?utm_source=facebook&utm_medium=paid_social&utm_campaign=bursluluk_2026_school_coverage&utm_content=karatay-ayse-huseyin-ozkan-ilkokulu&utm_term=karatay,"Merhaba Ayşe Hüseyin Özkan İlkokulu velileri, Teachera Bursluluk Sinavi 2026 basvurulari acildi. Basvuru linki: https://teachera.com.tr/bursluluk-2026?utm_source=facebook&utm_medium=paid_social&utm_campaign=bursluluk_2026_school_coverage&utm_content=karatay-ayse-huseyin-ozkan-ilkokulu&utm_term=karatay","Merhaba Ayşe Hüseyin Özkan İlkokulu velileri. Teachera Bursluluk Sinavi 2026 basvurusu icin link: https://teachera.com.tr/bursluluk-2026?utm_source=facebook&utm_medium=paid_social&utm_campaign=bursluluk_2026_school_coverage&utm_content=karatay-ayse-huseyin-ozkan-ilkokulu&utm_term=karatay
Sorulariniz icin bu numaraya yazabilirsiniz.",YES,YES,URGENT_NO_ATTRIBUTION,,,,,READY_TO_SEND_TODAY
Ayşe Hüseyin Özkan İmam Hatip Ortaokulu,KARATAY,Konya,social_paid,youtube,paid_social,bursluluk_2026_school_coverage,karatay-ayse-huseyin-ozkan-imam-hatip-ortaokulu,https://teachera.com.tr/bursluluk-2026?utm_source=youtube&utm_medium=paid_social&utm_campaign=bursluluk_2026_school_coverage&utm_content=karatay-ayse-huseyin-ozkan-imam-hatip-ortaokulu&utm_term=karatay,"Merhaba Ayşe Hüseyin Özkan İmam Hatip Ortaokulu velileri, Teachera Bursluluk Sinavi 2026 basvurulari acildi. Basvuru linki: https://teachera.com.tr/bursluluk-2026?utm_source=youtube&utm_medium=paid_social&utm_campaign=bursluluk_2026_school_coverage&utm_content=karatay-ayse-huseyin-ozkan-imam-hatip-ortaokulu&utm_term=karatay","Merhaba Ayşe Hüseyin Özkan İmam Hatip Ortaokulu velileri. Teachera Bursluluk Sinavi 2026 basvurusu icin link: https://teachera.com.tr/bursluluk-2026?utm_source=youtube&utm_medium=paid_social&utm_campaign=bursluluk_2026_school_coverage&utm_content=karatay-ayse-huseyin-ozkan-imam-hatip-ortaokulu&utm_term=karatay
Sorulariniz icin bu numaraya yazabilirsiniz.",YES,YES,URGENT_NO_ATTRIBUTION,,,,,READY_TO_SEND_TODAY
Bozkırlılar Vakfı İmam Hatip Ortaokulu,KARATAY,Konya,social_paid,instagram,paid_social,bursluluk_2026_school_coverage,karatay-bozkirlilar-vakfi-imam-hatip-ortaokulu,https://teachera.com.tr/bursluluk-2026?utm_source=instagram&utm_medium=paid_social&utm_campaign=bursluluk_2026_school_coverage&utm_content=karatay-bozkirlilar-vakfi-imam-hatip-ortaokulu&utm_term=karatay,"Merhaba Bozkırlılar Vakfı İmam Hatip Ortaokulu velileri, Teachera Bursluluk Sinavi 2026 basvurulari acildi. Basvuru linki: https://teachera.com.tr/bursluluk-2026?utm_source=instagram&utm_medium=paid_social&utm_campaign=bursluluk_2026_school_coverage&utm_content=karatay-bozkirlilar-vakfi-imam-hatip-ortaokulu&utm_term=karatay","Merhaba Bozkırlılar Vakfı İmam Hatip Ortaokulu velileri. Teachera Bursluluk Sinavi 2026 basvurusu icin link: https://teachera.com.tr/bursluluk-2026?utm_source=instagram&utm_medium=paid_social&utm_campaign=bursluluk_2026_school_coverage&utm_content=karatay-bozkirlilar-vakfi-imam-hatip-ortaokulu&utm_term=karatay
Sorulariniz icin bu numaraya yazabilirsiniz.",YES,YES,URGENT_NO_ATTRIBUTION,,,,,READY_TO_SEND_TODAY
Bozkırlılar Vakfı Kız Anadolu İmam Hatip Lisesi,KARATAY,Konya,social_paid,facebook,paid_social,bursluluk_2026_school_coverage,karatay-bozkirlilar-vakfi-kiz-anadolu-imam-hatip-lisesi,https://teachera.com.tr/bursluluk-2026?utm_source=facebook&utm_medium=paid_social&utm_campaign=bursluluk_2026_school_coverage&utm_content=karatay-bozkirlilar-vakfi-kiz-anadolu-imam-hatip-lisesi&utm_term=karatay,"Merhaba Bozkırlılar Vakfı Kız Anadolu İmam Hatip Lisesi velileri, Teachera Bursluluk Sinavi 2026 basvurulari acildi. Basvuru linki: https://teachera.com.tr/bursluluk-2026?utm_source=facebook&utm_medium=paid_social&utm_campaign=bursluluk_2026_school_coverage&utm_content=karatay-bozkirlilar-vakfi-kiz-anadolu-imam-hatip-lisesi&utm_term=karatay","Merhaba Bozkırlılar Vakfı Kız Anadolu İmam Hatip Lisesi velileri. Teachera Bursluluk Sinavi 2026 basvurusu icin link: https://teachera.com.tr/bursluluk-2026?utm_source=facebook&utm_medium=paid_social&utm_campaign=bursluluk_2026_school_coverage&utm_content=karatay-bozkirlilar-vakfi-kiz-anadolu-imam-hatip-lisesi&utm_term=karatay
Sorulariniz icin bu numaraya yazabilirsiniz.",YES,YES,URGENT_NO_ATTRIBUTION,,,,,READY_TO_SEND_TODAY
