school_name,district,city,channel_group,utm_source,utm_medium,utm_campaign,utm_content,apply_url,message_whatsapp,message_sms,send_owner,sent_at,delivery_proof,status
15 Temmuz Şehitleri İlkokulu,MERAM,Konya,social_paid,instagram,paid_social,bursluluk_2026_school_coverage,meram-15-temmuz-sehitleri-ilkokulu,https://teachera.com.tr/bursluluk-2026?utm_source=instagram&utm_medium=paid_social&utm_campaign=bursluluk_2026_school_coverage&utm_content=meram-15-temmuz-sehitleri-ilkokulu&utm_term=meram,"Merhaba 15 Temmuz Şehitleri İlkokulu velileri, Teachera Bursluluk Sinavi 2026 basvurulari acildi. Basvuru linki: https://teachera.com.tr/bursluluk-2026?utm_source=instagram&utm_medium=paid_social&utm_campaign=bursluluk_2026_school_coverage&utm_content=meram-15-temmuz-sehitleri-ilkokulu&utm_term=meram Sorulariniz icin bu numaraya yazabilirsiniz.","Merhaba 15 Temmuz Şehitleri İlkokulu velileri, Teachera Bursluluk Sinavi 2026 basvurulari acildi. Basvuru linki: https://teachera.com.tr/bursluluk-2026?utm_source=instagram&utm_medium=paid_social&utm_campaign=bursluluk_2026_school_coverage&utm_content=meram-15-temmuz-sehitleri-ilkokulu&utm_term=meram",,,,READY_TO_SEND_TODAY
Ahmet Naci Gücüyener İlkokulu,MERAM,Konya,mall_screen,konya_avm,screen,bursluluk_2026_school_coverage,meram-ahmet-naci-gucuyener-ilkokulu,https://teachera.com.tr/bursluluk-2026?utm_source=konya_avm&utm_medium=screen&utm_campaign=bursluluk_2026_school_coverage&utm_content=meram-ahmet-naci-gucuyener-ilkokulu&utm_term=meram,"Merhaba Ahmet Naci Gücüyener İlkokulu velileri, Teachera Bursluluk Sinavi 2026 basvurulari acildi. Basvuru linki: https://teachera.com.tr/bursluluk-2026?utm_source=konya_avm&utm_medium=screen&utm_campaign=bursluluk_2026_school_coverage&utm_content=meram-ahmet-naci-gucuyener-ilkokulu&utm_term=meram Sorulariniz icin bu numaraya yazabilirsiniz.","Merhaba Ahmet Naci Gücüyener İlkokulu velileri, Teachera Bursluluk Sinavi 2026 basvurulari acildi. Basvuru linki: https://teachera.com.tr/bursluluk-2026?utm_source=konya_avm&utm_medium=screen&utm_campaign=bursluluk_2026_school_coverage&utm_content=meram-ahmet-naci-gucuyener-ilkokulu&utm_term=meram",,,,READY_TO_SEND_TODAY
Alakova Ortaokulu,MERAM,Konya,social_paid,youtube,paid_social,bursluluk_2026_school_coverage,meram-alakova-ortaokulu,https://teachera.com.tr/bursluluk-2026?utm_source=youtube&utm_medium=paid_social&utm_campaign=bursluluk_2026_school_coverage&utm_content=meram-alakova-ortaokulu&utm_term=meram,"Merhaba Alakova Ortaokulu velileri, Teachera Bursluluk Sinavi 2026 basvurulari acildi. Basvuru linki: https://teachera.com.tr/bursluluk-2026?utm_source=youtube&utm_medium=paid_social&utm_campaign=bursluluk_2026_school_coverage&utm_content=meram-alakova-ortaokulu&utm_term=meram Sorulariniz icin bu numaraya yazabilirsiniz.","Merhaba Alakova Ortaokulu velileri, Teachera Bursluluk Sinavi 2026 basvurulari acildi. Basvuru linki: https://teachera.com.tr/bursluluk-2026?utm_source=youtube&utm_medium=paid_social&utm_campaign=bursluluk_2026_school_coverage&utm_content=meram-alakova-ortaokulu&utm_term=meram",,,,READY_TO_SEND_TODAY
Ali İhsan Dayıoğlugil İlkokulu,MERAM,Konya,outdoor_qr,konya_outdoor,qr,bursluluk_2026_school_coverage,meram-ali-ihsan-dayioglugil-ilkokulu,https://teachera.com.tr/bursluluk-2026?utm_source=konya_outdoor&utm_medium=qr&utm_campaign=bursluluk_2026_school_coverage&utm_content=meram-ali-ihsan-dayioglugil-ilkokulu&utm_term=meram,"Merhaba Ali İhsan Dayıoğlugil İlkokulu velileri, Teachera Bursluluk Sinavi 2026 basvurulari acildi. Basvuru linki: https://teachera.com.tr/bursluluk-2026?utm_source=konya_outdoor&utm_medium=qr&utm_campaign=bursluluk_2026_school_coverage&utm_content=meram-ali-ihsan-dayioglugil-ilkokulu&utm_term=meram Sorulariniz icin bu numaraya yazabilirsiniz.","Merhaba Ali İhsan Dayıoğlugil İlkokulu velileri, Teachera Bursluluk Sinavi 2026 basvurulari acildi. Basvuru linki: https://teachera.com.tr/bursluluk-2026?utm_source=konya_outdoor&utm_medium=qr&utm_campaign=bursluluk_2026_school_coverage&utm_content=meram-ali-ihsan-dayioglugil-ilkokulu&utm_term=meram",,,,READY_TO_SEND_TODAY
Ayşe Hüseyin Özkan İlkokulu,KARATAY,Konya,social_paid,facebook,paid_social,bursluluk_2026_school_coverage,karatay-ayse-huseyin-ozkan-ilkokulu,https://teachera.com.tr/bursluluk-2026?utm_source=facebook&utm_medium=paid_social&utm_campaign=bursluluk_2026_school_coverage&utm_content=karatay-ayse-huseyin-ozkan-ilkokulu&utm_term=karatay,"Merhaba Ayşe Hüseyin Özkan İlkokulu velileri, Teachera Bursluluk Sinavi 2026 basvurulari acildi. Basvuru linki: https://teachera.com.tr/bursluluk-2026?utm_source=facebook&utm_medium=paid_social&utm_campaign=bursluluk_2026_school_coverage&utm_content=karatay-ayse-huseyin-ozkan-ilkokulu&utm_term=karatay Sorulariniz icin bu numaraya yazabilirsiniz.","Merhaba Ayşe Hüseyin Özkan İlkokulu velileri, Teachera Bursluluk Sinavi 2026 basvurulari acildi. Basvuru linki: https://teachera.com.tr/bursluluk-2026?utm_source=facebook&utm_medium=paid_social&utm_campaign=bursluluk_2026_school_coverage&utm_content=karatay-ayse-huseyin-ozkan-ilkokulu&utm_term=karatay",,,,READY_TO_SEND_TODAY
Bozkırlılar Vakfı İmam Hatip Ortaokulu,KARATAY,Konya,social_paid,instagram,paid_social,bursluluk_2026_school_coverage,karatay-bozkirlilar-vakfi-imam-hatip-ortaokulu,https://teachera.com.tr/bursluluk-2026?utm_source=instagram&utm_medium=paid_social&utm_campaign=bursluluk_2026_school_coverage&utm_content=karatay-bozkirlilar-vakfi-imam-hatip-ortaokulu&utm_term=karatay,"Merhaba Bozkırlılar Vakfı İmam Hatip Ortaokulu velileri, Teachera Bursluluk Sinavi 2026 basvurulari acildi. Basvuru linki: https://teachera.com.tr/bursluluk-2026?utm_source=instagram&utm_medium=paid_social&utm_campaign=bursluluk_2026_school_coverage&utm_content=karatay-bozkirlilar-vakfi-imam-hatip-ortaokulu&utm_term=karatay Sorulariniz icin bu numaraya yazabilirsiniz.","Merhaba Bozkırlılar Vakfı İmam Hatip Ortaokulu velileri, Teachera Bursluluk Sinavi 2026 basvurulari acildi. Basvuru linki: https://teachera.com.tr/bursluluk-2026?utm_source=instagram&utm_medium=paid_social&utm_campaign=bursluluk_2026_school_coverage&utm_content=karatay-bozkirlilar-vakfi-imam-hatip-ortaokulu&utm_term=karatay",,,,READY_TO_SEND_TODAY
Çatalhüyük Melikşah İlkokulu,KARATAY,Konya,mall_screen,konya_avm,screen,bursluluk_2026_school_coverage,karatay-catalhuyuk-meliksah-ilkokulu,https://teachera.com.tr/bursluluk-2026?utm_source=konya_avm&utm_medium=screen&utm_campaign=bursluluk_2026_school_coverage&utm_content=karatay-catalhuyuk-meliksah-ilkokulu&utm_term=karatay,"Merhaba Çatalhüyük Melikşah İlkokulu velileri, Teachera Bursluluk Sinavi 2026 basvurulari acildi. Basvuru linki: https://teachera.com.tr/bursluluk-2026?utm_source=konya_avm&utm_medium=screen&utm_campaign=bursluluk_2026_school_coverage&utm_content=karatay-catalhuyuk-meliksah-ilkokulu&utm_term=karatay Sorulariniz icin bu numaraya yazabilirsiniz.","Merhaba Çatalhüyük Melikşah İlkokulu velileri, Teachera Bursluluk Sinavi 2026 basvurulari acildi. Basvuru linki: https://teachera.com.tr/bursluluk-2026?utm_source=konya_avm&utm_medium=screen&utm_campaign=bursluluk_2026_school_coverage&utm_content=karatay-catalhuyuk-meliksah-ilkokulu&utm_term=karatay",,,,READY_TO_SEND_TODAY
Fetihkent İmam Hatip Ortaokulu,KARATAY,Konya,social_paid,youtube,paid_social,bursluluk_2026_school_coverage,karatay-fetihkent-imam-hatip-ortaokulu,https://teachera.com.tr/bursluluk-2026?utm_source=youtube&utm_medium=paid_social&utm_campaign=bursluluk_2026_school_coverage&utm_content=karatay-fetihkent-imam-hatip-ortaokulu&utm_term=karatay,"Merhaba Fetihkent İmam Hatip Ortaokulu velileri, Teachera Bursluluk Sinavi 2026 basvurulari acildi. Basvuru linki: https://teachera.com.tr/bursluluk-2026?utm_source=youtube&utm_medium=paid_social&utm_campaign=bursluluk_2026_school_coverage&utm_content=karatay-fetihkent-imam-hatip-ortaokulu&utm_term=karatay Sorulariniz icin bu numaraya yazabilirsiniz.","Merhaba Fetihkent İmam Hatip Ortaokulu velileri, Teachera Bursluluk Sinavi 2026 basvurulari acildi. Basvuru linki: https://teachera.com.tr/bursluluk-2026?utm_source=youtube&utm_medium=paid_social&utm_campaign=bursluluk_2026_school_coverage&utm_content=karatay-fetihkent-imam-hatip-ortaokulu&utm_term=karatay",,,,READY_TO_SEND_TODAY
Gevher Nesibe Hatun İmam Hatip Ortaokulu,KARATAY,Konya,outdoor_qr,konya_outdoor,qr,bursluluk_2026_school_coverage,karatay-gevher-nesibe-hatun-imam-hatip-ortaokulu,https://teachera.com.tr/bursluluk-2026?utm_source=konya_outdoor&utm_medium=qr&utm_campaign=bursluluk_2026_school_coverage&utm_content=karatay-gevher-nesibe-hatun-imam-hatip-ortaokulu&utm_term=karatay,"Merhaba Gevher Nesibe Hatun İmam Hatip Ortaokulu velileri, Teachera Bursluluk Sinavi 2026 basvurulari acildi. Basvuru linki: https://teachera.com.tr/bursluluk-2026?utm_source=konya_outdoor&utm_medium=qr&utm_campaign=bursluluk_2026_school_coverage&utm_content=karatay-gevher-nesibe-hatun-imam-hatip-ortaokulu&utm_term=karatay Sorulariniz icin bu numaraya yazabilirsiniz.","Merhaba Gevher Nesibe Hatun İmam Hatip Ortaokulu velileri, Teachera Bursluluk Sinavi 2026 basvurulari acildi. Basvuru linki: https://teachera.com.tr/bursluluk-2026?utm_source=konya_outdoor&utm_medium=qr&utm_campaign=bursluluk_2026_school_coverage&utm_content=karatay-gevher-nesibe-hatun-imam-hatip-ortaokulu&utm_term=karatay",,,,READY_TO_SEND_TODAY
Hacı Sadık İlkokulu,KARATAY,Konya,social_paid,facebook,paid_social,bursluluk_2026_school_coverage,karatay-haci-sadik-ilkokulu,https://teachera.com.tr/bursluluk-2026?utm_source=facebook&utm_medium=paid_social&utm_campaign=bursluluk_2026_school_coverage&utm_content=karatay-haci-sadik-ilkokulu&utm_term=karatay,"Merhaba Hacı Sadık İlkokulu velileri, Teachera Bursluluk Sinavi 2026 basvurulari acildi. Basvuru linki: https://teachera.com.tr/bursluluk-2026?utm_source=facebook&utm_medium=paid_social&utm_campaign=bursluluk_2026_school_coverage&utm_content=karatay-haci-sadik-ilkokulu&utm_term=karatay Sorulariniz icin bu numaraya yazabilirsiniz.","Merhaba Hacı Sadık İlkokulu velileri, Teachera Bursluluk Sinavi 2026 basvurulari acildi. Basvuru linki: https://teachera.com.tr/bursluluk-2026?utm_source=facebook&utm_medium=paid_social&utm_campaign=bursluluk_2026_school_coverage&utm_content=karatay-haci-sadik-ilkokulu&utm_term=karatay",,,,READY_TO_SEND_TODAY
Halil Bahçeci İlkokulu,KARATAY,Konya,social_paid,instagram,paid_social,bursluluk_2026_school_coverage,karatay-halil-bahceci-ilkokulu,https://teachera.com.tr/bursluluk-2026?utm_source=instagram&utm_medium=paid_social&utm_campaign=bursluluk_2026_school_coverage&utm_content=karatay-halil-bahceci-ilkokulu&utm_term=karatay,"Merhaba Halil Bahçeci İlkokulu velileri, Teachera Bursluluk Sinavi 2026 basvurulari acildi. Basvuru linki: https://teachera.com.tr/bursluluk-2026?utm_source=instagram&utm_medium=paid_social&utm_campaign=bursluluk_2026_school_coverage&utm_content=karatay-halil-bahceci-ilkokulu&utm_term=karatay Sorulariniz icin bu numaraya yazabilirsiniz.","Merhaba Halil Bahçeci İlkokulu velileri, Teachera Bursluluk Sinavi 2026 basvurulari acildi. Basvuru linki: https://teachera.com.tr/bursluluk-2026?utm_source=instagram&utm_medium=paid_social&utm_campaign=bursluluk_2026_school_coverage&utm_content=karatay-halil-bahceci-ilkokulu&utm_term=karatay",,,,READY_TO_SEND_TODAY
Hayıroğlu İmam Hatip Ortaokulu,KARATAY,Konya,mall_screen,konya_avm,screen,bursluluk_2026_school_coverage,karatay-hayiroglu-imam-hatip-ortaokulu,https://teachera.com.tr/bursluluk-2026?utm_source=konya_avm&utm_medium=screen&utm_campaign=bursluluk_2026_school_coverage&utm_content=karatay-hayiroglu-imam-hatip-ortaokulu&utm_term=karatay,"Merhaba Hayıroğlu İmam Hatip Ortaokulu velileri, Teachera Bursluluk Sinavi 2026 basvurulari acildi. Basvuru linki: https://teachera.com.tr/bursluluk-2026?utm_source=konya_avm&utm_medium=screen&utm_campaign=bursluluk_2026_school_coverage&utm_content=karatay-hayiroglu-imam-hatip-ortaokulu&utm_term=karatay Sorulariniz icin bu numaraya yazabilirsiniz.","Merhaba Hayıroğlu İmam Hatip Ortaokulu velileri, Teachera Bursluluk Sinavi 2026 basvurulari acildi. Basvuru linki: https://teachera.com.tr/bursluluk-2026?utm_source=konya_avm&utm_medium=screen&utm_campaign=bursluluk_2026_school_coverage&utm_content=karatay-hayiroglu-imam-hatip-ortaokulu&utm_term=karatay",,,,READY_TO_SEND_TODAY
İstiklal İlkokulu,KARATAY,Konya,social_paid,youtube,paid_social,bursluluk_2026_school_coverage,karatay-istiklal-ilkokulu,https://teachera.com.tr/bursluluk-2026?utm_source=youtube&utm_medium=paid_social&utm_campaign=bursluluk_2026_school_coverage&utm_content=karatay-istiklal-ilkokulu&utm_term=karatay,"Merhaba İstiklal İlkokulu velileri, Teachera Bursluluk Sinavi 2026 basvurulari acildi. Basvuru linki: https://teachera.com.tr/bursluluk-2026?utm_source=youtube&utm_medium=paid_social&utm_campaign=bursluluk_2026_school_coverage&utm_content=karatay-istiklal-ilkokulu&utm_term=karatay Sorulariniz icin bu numaraya yazabilirsiniz.","Merhaba İstiklal İlkokulu velileri, Teachera Bursluluk Sinavi 2026 basvurulari acildi. Basvuru linki: https://teachera.com.tr/bursluluk-2026?utm_source=youtube&utm_medium=paid_social&utm_campaign=bursluluk_2026_school_coverage&utm_content=karatay-istiklal-ilkokulu&utm_term=karatay",,,,READY_TO_SEND_TODAY
İstiklal Ortaokulu,KARATAY,Konya,outdoor_qr,konya_outdoor,qr,bursluluk_2026_school_coverage,karatay-istiklal-ortaokulu,https://teachera.com.tr/bursluluk-2026?utm_source=konya_outdoor&utm_medium=qr&utm_campaign=bursluluk_2026_school_coverage&utm_content=karatay-istiklal-ortaokulu&utm_term=karatay,"Merhaba İstiklal Ortaokulu velileri, Teachera Bursluluk Sinavi 2026 basvurulari acildi. Basvuru linki: https://teachera.com.tr/bursluluk-2026?utm_source=konya_outdoor&utm_medium=qr&utm_campaign=bursluluk_2026_school_coverage&utm_content=karatay-istiklal-ortaokulu&utm_term=karatay Sorulariniz icin bu numaraya yazabilirsiniz.","Merhaba İstiklal Ortaokulu velileri, Teachera Bursluluk Sinavi 2026 basvurulari acildi. Basvuru linki: https://teachera.com.tr/bursluluk-2026?utm_source=konya_outdoor&utm_medium=qr&utm_campaign=bursluluk_2026_school_coverage&utm_content=karatay-istiklal-ortaokulu&utm_term=karatay",,,,READY_TO_SEND_TODAY
Karaaslan Atatürk Ortaokulu,KARATAY,Konya,social_paid,facebook,paid_social,bursluluk_2026_school_coverage,karatay-karaaslan-ataturk-ortaokulu,https://teachera.com.tr/bursluluk-2026?utm_source=facebook&utm_medium=paid_social&utm_campaign=bursluluk_2026_school_coverage&utm_content=karatay-karaaslan-ataturk-ortaokulu&utm_term=karatay,"Merhaba Karaaslan Atatürk Ortaokulu velileri, Teachera Bursluluk Sinavi 2026 basvurulari acildi. Basvuru linki: https://teachera.com.tr/bursluluk-2026?utm_source=facebook&utm_medium=paid_social&utm_campaign=bursluluk_2026_school_coverage&utm_content=karatay-karaaslan-ataturk-ortaokulu&utm_term=karatay Sorulariniz icin bu numaraya yazabilirsiniz.","Merhaba Karaaslan Atatürk Ortaokulu velileri, Teachera Bursluluk Sinavi 2026 basvurulari acildi. Basvuru linki: https://teachera.com.tr/bursluluk-2026?utm_source=facebook&utm_medium=paid_social&utm_campaign=bursluluk_2026_school_coverage&utm_content=karatay-karaaslan-ataturk-ortaokulu&utm_term=karatay",,,,READY_TO_SEND_TODAY
Karatay Aykent Mesleki ve Teknik Anadolu Lisesi,KARATAY,Konya,social_paid,instagram,paid_social,bursluluk_2026_school_coverage,karatay-karatay-aykent-mesleki-ve-teknik-anadolu-lisesi,https://teachera.com.tr/bursluluk-2026?utm_source=instagram&utm_medium=paid_social&utm_campaign=bursluluk_2026_school_coverage&utm_content=karatay-karatay-aykent-mesleki-ve-teknik-anadolu-lisesi&utm_term=karatay,"Merhaba Karatay Aykent Mesleki ve Teknik Anadolu Lisesi velileri, Teachera Bursluluk Sinavi 2026 basvurulari acildi. Basvuru linki: https://teachera.com.tr/bursluluk-2026?utm_source=instagram&utm_medium=paid_social&utm_campaign=bursluluk_2026_school_coverage&utm_content=karatay-karatay-aykent-mesleki-ve-teknik-anadolu-lisesi&utm_term=karatay Sorulariniz icin bu numaraya yazabilirsiniz.","Merhaba Karatay Aykent Mesleki ve Teknik Anadolu Lisesi velileri, Teachera Bursluluk Sinavi 2026 basvurulari acildi. Basvuru linki: https://teachera.com.tr/bursluluk-2026?utm_source=instagram&utm_medium=paid_social&utm_campaign=bursluluk_2026_school_coverage&utm_content=karatay-karatay-aykent-mesleki-ve-teknik-anadolu-lisesi&utm_term=karatay",,,,READY_TO_SEND_TODAY
Karatay Borsa İstanbul Gazi Mustafa Kemal Turizm Mesleki ve Teknik Anadolu Lisesi,KARATAY,Konya,mall_screen,konya_avm,screen,bursluluk_2026_school_coverage,karatay-karatay-borsa-istanbul-gazi-mustafa-kemal-turizm-mesleki-ve-teknik-anadolu-lisesi,https://teachera.com.tr/bursluluk-2026?utm_source=konya_avm&utm_medium=screen&utm_campaign=bursluluk_2026_school_coverage&utm_content=karatay-karatay-borsa-istanbul-gazi-mustafa-kemal-turizm-mesleki-ve-teknik-anadolu-lisesi&utm_term=karatay,"Merhaba Karatay Borsa İstanbul Gazi Mustafa Kemal Turizm Mesleki ve Teknik Anadolu Lisesi velileri, Teachera Bursluluk Sinavi 2026 basvurulari acildi. Basvuru linki: https://teachera.com.tr/bursluluk-2026?utm_source=konya_avm&utm_medium=screen&utm_campaign=bursluluk_2026_school_coverage&utm_content=karatay-karatay-borsa-istanbul-gazi-mustafa-kemal-turizm-mesleki-ve-teknik-anadolu-lisesi&utm_term=karatay Sorulariniz icin bu numaraya yazabilirsiniz.","Merhaba Karatay Borsa İstanbul Gazi Mustafa Kemal Turizm Mesleki ve Teknik Anadolu Lisesi velileri, Teachera Bursluluk Sinavi 2026 basvurulari acildi. Basvuru linki: https://teachera.com.tr/bursluluk-2026?utm_source=konya_avm&utm_medium=screen&utm_campaign=bursluluk_2026_school_coverage&utm_content=karatay-karatay-borsa-istanbul-gazi-mustafa-kemal-turizm-mesleki-ve-teknik-anadolu-lisesi&utm_term=karatay",,,,READY_TO_SEND_TODAY
Karatay Ortaokulu,KARATAY,Konya,social_paid,youtube,paid_social,bursluluk_2026_school_coverage,karatay-karatay-ortaokulu,https://teachera.com.tr/bursluluk-2026?utm_source=youtube&utm_medium=paid_social&utm_campaign=bursluluk_2026_school_coverage&utm_content=karatay-karatay-ortaokulu&utm_term=karatay,"Merhaba Karatay Ortaokulu velileri, Teachera Bursluluk Sinavi 2026 basvurulari acildi. Basvuru linki: https://teachera.com.tr/bursluluk-2026?utm_source=youtube&utm_medium=paid_social&utm_campaign=bursluluk_2026_school_coverage&utm_content=karatay-karatay-ortaokulu&utm_term=karatay Sorulariniz icin bu numaraya yazabilirsiniz.","Merhaba Karatay Ortaokulu velileri, Teachera Bursluluk Sinavi 2026 basvurulari acildi. Basvuru linki: https://teachera.com.tr/bursluluk-2026?utm_source=youtube&utm_medium=paid_social&utm_campaign=bursluluk_2026_school_coverage&utm_content=karatay-karatay-ortaokulu&utm_term=karatay",,,,READY_TO_SEND_TODAY
Karatay Sadreddin Konevi Anadolu İmam Hatip Lisesi,KARATAY,Konya,outdoor_qr,konya_outdoor,qr,bursluluk_2026_school_coverage,karatay-karatay-sadreddin-konevi-anadolu-imam-hatip-lisesi,https://teachera.com.tr/bursluluk-2026?utm_source=konya_outdoor&utm_medium=qr&utm_campaign=bursluluk_2026_school_coverage&utm_content=karatay-karatay-sadreddin-konevi-anadolu-imam-hatip-lisesi&utm_term=karatay,"Merhaba Karatay Sadreddin Konevi Anadolu İmam Hatip Lisesi velileri, Teachera Bursluluk Sinavi 2026 basvurulari acildi. Basvuru linki: https://teachera.com.tr/bursluluk-2026?utm_source=konya_outdoor&utm_medium=qr&utm_campaign=bursluluk_2026_school_coverage&utm_content=karatay-karatay-sadreddin-konevi-anadolu-imam-hatip-lisesi&utm_term=karatay Sorulariniz icin bu numaraya yazabilirsiniz.","Merhaba Karatay Sadreddin Konevi Anadolu İmam Hatip Lisesi velileri, Teachera Bursluluk Sinavi 2026 basvurulari acildi. Basvuru linki: https://teachera.com.tr/bursluluk-2026?utm_source=konya_outdoor&utm_medium=qr&utm_campaign=bursluluk_2026_school_coverage&utm_content=karatay-karatay-sadreddin-konevi-anadolu-imam-hatip-lisesi&utm_term=karatay",,,,READY_TO_SEND_TODAY
Karkent İlkokulu,KARATAY,Konya,social_paid,facebook,paid_social,bursluluk_2026_school_coverage,karatay-karkent-ilkokulu,https://teachera.com.tr/bursluluk-2026?utm_source=facebook&utm_medium=paid_social&utm_campaign=bursluluk_2026_school_coverage&utm_content=karatay-karkent-ilkokulu&utm_term=karatay,"Merhaba Karkent İlkokulu velileri, Teachera Bursluluk Sinavi 2026 basvurulari acildi. Basvuru linki: https://teachera.com.tr/bursluluk-2026?utm_source=facebook&utm_medium=paid_social&utm_campaign=bursluluk_2026_school_coverage&utm_content=karatay-karkent-ilkokulu&utm_term=karatay Sorulariniz icin bu numaraya yazabilirsiniz.","Merhaba Karkent İlkokulu velileri, Teachera Bursluluk Sinavi 2026 basvurulari acildi. Basvuru linki: https://teachera.com.tr/bursluluk-2026?utm_source=facebook&utm_medium=paid_social&utm_campaign=bursluluk_2026_school_coverage&utm_content=karatay-karkent-ilkokulu&utm_term=karatay",,,,READY_TO_SEND_TODAY
Koyunoğlu İlkokulu,KARATAY,Konya,social_paid,instagram,paid_social,bursluluk_2026_school_coverage,karatay-koyunoglu-ilkokulu,https://teachera.com.tr/bursluluk-2026?utm_source=instagram&utm_medium=paid_social&utm_campaign=bursluluk_2026_school_coverage&utm_content=karatay-koyunoglu-ilkokulu&utm_term=karatay,"Merhaba Koyunoğlu İlkokulu velileri, Teachera Bursluluk Sinavi 2026 basvurulari acildi. Basvuru linki: https://teachera.com.tr/bursluluk-2026?utm_source=instagram&utm_medium=paid_social&utm_campaign=bursluluk_2026_school_coverage&utm_content=karatay-koyunoglu-ilkokulu&utm_term=karatay Sorulariniz icin bu numaraya yazabilirsiniz.","Merhaba Koyunoğlu İlkokulu velileri, Teachera Bursluluk Sinavi 2026 basvurulari acildi. Basvuru linki: https://teachera.com.tr/bursluluk-2026?utm_source=instagram&utm_medium=paid_social&utm_campaign=bursluluk_2026_school_coverage&utm_content=karatay-koyunoglu-ilkokulu&utm_term=karatay",,,,READY_TO_SEND_TODAY
Mehmet-Hanife Yapıcı Anadolu Lisesi,KARATAY,Konya,mall_screen,konya_avm,screen,bursluluk_2026_school_coverage,karatay-mehmet-hanife-yapici-anadolu-lisesi,https://teachera.com.tr/bursluluk-2026?utm_source=konya_avm&utm_medium=screen&utm_campaign=bursluluk_2026_school_coverage&utm_content=karatay-mehmet-hanife-yapici-anadolu-lisesi&utm_term=karatay,"Merhaba Mehmet-Hanife Yapıcı Anadolu Lisesi velileri, Teachera Bursluluk Sinavi 2026 basvurulari acildi. Basvuru linki: https://teachera.com.tr/bursluluk-2026?utm_source=konya_avm&utm_medium=screen&utm_campaign=bursluluk_2026_school_coverage&utm_content=karatay-mehmet-hanife-yapici-anadolu-lisesi&utm_term=karatay Sorulariniz icin bu numaraya yazabilirsiniz.","Merhaba Mehmet-Hanife Yapıcı Anadolu Lisesi velileri, Teachera Bursluluk Sinavi 2026 basvurulari acildi. Basvuru linki: https://teachera.com.tr/bursluluk-2026?utm_source=konya_avm&utm_medium=screen&utm_campaign=bursluluk_2026_school_coverage&utm_content=karatay-mehmet-hanife-yapici-anadolu-lisesi&utm_term=karatay",,,,READY_TO_SEND_TODAY
Nizamülmülk Anadolu Lisesi,KARATAY,Konya,social_paid,youtube,paid_social,bursluluk_2026_school_coverage,karatay-nizamulmulk-anadolu-lisesi,https://teachera.com.tr/bursluluk-2026?utm_source=youtube&utm_medium=paid_social&utm_campaign=bursluluk_2026_school_coverage&utm_content=karatay-nizamulmulk-anadolu-lisesi&utm_term=karatay,"Merhaba Nizamülmülk Anadolu Lisesi velileri, Teachera Bursluluk Sinavi 2026 basvurulari acildi. Basvuru linki: https://teachera.com.tr/bursluluk-2026?utm_source=youtube&utm_medium=paid_social&utm_campaign=bursluluk_2026_school_coverage&utm_content=karatay-nizamulmulk-anadolu-lisesi&utm_term=karatay Sorulariniz icin bu numaraya yazabilirsiniz.","Merhaba Nizamülmülk Anadolu Lisesi velileri, Teachera Bursluluk Sinavi 2026 basvurulari acildi. Basvuru linki: https://teachera.com.tr/bursluluk-2026?utm_source=youtube&utm_medium=paid_social&utm_campaign=bursluluk_2026_school_coverage&utm_content=karatay-nizamulmulk-anadolu-lisesi&utm_term=karatay",,,,READY_TO_SEND_TODAY
Orhan Gazi İlkokulu,KARATAY,Konya,outdoor_qr,konya_outdoor,qr,bursluluk_2026_school_coverage,karatay-orhan-gazi-ilkokulu,https://teachera.com.tr/bursluluk-2026?utm_source=konya_outdoor&utm_medium=qr&utm_campaign=bursluluk_2026_school_coverage&utm_content=karatay-orhan-gazi-ilkokulu&utm_term=karatay,"Merhaba Orhan Gazi İlkokulu velileri, Teachera Bursluluk Sinavi 2026 basvurulari acildi. Basvuru linki: https://teachera.com.tr/bursluluk-2026?utm_source=konya_outdoor&utm_medium=qr&utm_campaign=bursluluk_2026_school_coverage&utm_content=karatay-orhan-gazi-ilkokulu&utm_term=karatay Sorulariniz icin bu numaraya yazabilirsiniz.","Merhaba Orhan Gazi İlkokulu velileri, Teachera Bursluluk Sinavi 2026 basvurulari acildi. Basvuru linki: https://teachera.com.tr/bursluluk-2026?utm_source=konya_outdoor&utm_medium=qr&utm_campaign=bursluluk_2026_school_coverage&utm_content=karatay-orhan-gazi-ilkokulu&utm_term=karatay",,,,READY_TO_SEND_TODAY
Prof. Dr. Fuat Sezgin Ortaokulu,KARATAY,Konya,social_paid,facebook,paid_social,bursluluk_2026_school_coverage,karatay-prof-dr-fuat-sezgin-ortaokulu,https://teachera.com.tr/bursluluk-2026?utm_source=facebook&utm_medium=paid_social&utm_campaign=bursluluk_2026_school_coverage&utm_content=karatay-prof-dr-fuat-sezgin-ortaokulu&utm_term=karatay,"Merhaba Prof. Dr. Fuat Sezgin Ortaokulu velileri, Teachera Bursluluk Sinavi 2026 basvurulari acildi. Basvuru linki: https://teachera.com.tr/bursluluk-2026?utm_source=facebook&utm_medium=paid_social&utm_campaign=bursluluk_2026_school_coverage&utm_content=karatay-prof-dr-fuat-sezgin-ortaokulu&utm_term=karatay Sorulariniz icin bu numaraya yazabilirsiniz.","Merhaba Prof. Dr. Fuat Sezgin Ortaokulu velileri, Teachera Bursluluk Sinavi 2026 basvurulari acildi. Basvuru linki: https://teachera.com.tr/bursluluk-2026?utm_source=facebook&utm_medium=paid_social&utm_campaign=bursluluk_2026_school_coverage&utm_content=karatay-prof-dr-fuat-sezgin-ortaokulu&utm_term=karatay",,,,READY_TO_SEND_TODAY
Saraçoğlu Toki Mustafa Çetin İlkokulu,KARATAY,Konya,social_paid,instagram,paid_social,bursluluk_2026_school_coverage,karatay-saracoglu-toki-mustafa-cetin-ilkokulu,https://teachera.com.tr/bursluluk-2026?utm_source=instagram&utm_medium=paid_social&utm_campaign=bursluluk_2026_school_coverage&utm_content=karatay-saracoglu-toki-mustafa-cetin-ilkokulu&utm_term=karatay,"Merhaba Saraçoğlu Toki Mustafa Çetin İlkokulu velileri, Teachera Bursluluk Sinavi 2026 basvurulari acildi. Basvuru linki: https://teachera.com.tr/bursluluk-2026?utm_source=instagram&utm_medium=paid_social&utm_campaign=bursluluk_2026_school_coverage&utm_content=karatay-saracoglu-toki-mustafa-cetin-ilkokulu&utm_term=karatay Sorulariniz icin bu numaraya yazabilirsiniz.","Merhaba Saraçoğlu Toki Mustafa Çetin İlkokulu velileri, Teachera Bursluluk Sinavi 2026 basvurulari acildi. Basvuru linki: https://teachera.com.tr/bursluluk-2026?utm_source=instagram&utm_medium=paid_social&utm_campaign=bursluluk_2026_school_coverage&utm_content=karatay-saracoglu-toki-mustafa-cetin-ilkokulu&utm_term=karatay",,,,READY_TO_SEND_TODAY
Sultan Alparslan İmam Hatip Ortaokulu,KARATAY,Konya,mall_screen,konya_avm,screen,bursluluk_2026_school_coverage,karatay-sultan-alparslan-imam-hatip-ortaokulu,https://teachera.com.tr/bursluluk-2026?utm_source=konya_avm&utm_medium=screen&utm_campaign=bursluluk_2026_school_coverage&utm_content=karatay-sultan-alparslan-imam-hatip-ortaokulu&utm_term=karatay,"Merhaba Sultan Alparslan İmam Hatip Ortaokulu velileri, Teachera Bursluluk Sinavi 2026 basvurulari acildi. Basvuru linki: https://teachera.com.tr/bursluluk-2026?utm_source=konya_avm&utm_medium=screen&utm_campaign=bursluluk_2026_school_coverage&utm_content=karatay-sultan-alparslan-imam-hatip-ortaokulu&utm_term=karatay Sorulariniz icin bu numaraya yazabilirsiniz.","Merhaba Sultan Alparslan İmam Hatip Ortaokulu velileri, Teachera Bursluluk Sinavi 2026 basvurulari acildi. Basvuru linki: https://teachera.com.tr/bursluluk-2026?utm_source=konya_avm&utm_medium=screen&utm_campaign=bursluluk_2026_school_coverage&utm_content=karatay-sultan-alparslan-imam-hatip-ortaokulu&utm_term=karatay",,,,READY_TO_SEND_TODAY
Ulubatlı Hasan İmam Hatip Ortaokulu,KARATAY,Konya,social_paid,youtube,paid_social,bursluluk_2026_school_coverage,karatay-ulubatli-hasan-imam-hatip-ortaokulu,https://teachera.com.tr/bursluluk-2026?utm_source=youtube&utm_medium=paid_social&utm_campaign=bursluluk_2026_school_coverage&utm_content=karatay-ulubatli-hasan-imam-hatip-ortaokulu&utm_term=karatay,"Merhaba Ulubatlı Hasan İmam Hatip Ortaokulu velileri, Teachera Bursluluk Sinavi 2026 basvurulari acildi. Basvuru linki: https://teachera.com.tr/bursluluk-2026?utm_source=youtube&utm_medium=paid_social&utm_campaign=bursluluk_2026_school_coverage&utm_content=karatay-ulubatli-hasan-imam-hatip-ortaokulu&utm_term=karatay Sorulariniz icin bu numaraya yazabilirsiniz.","Merhaba Ulubatlı Hasan İmam Hatip Ortaokulu velileri, Teachera Bursluluk Sinavi 2026 basvurulari acildi. Basvuru linki: https://teachera.com.tr/bursluluk-2026?utm_source=youtube&utm_medium=paid_social&utm_campaign=bursluluk_2026_school_coverage&utm_content=karatay-ulubatli-hasan-imam-hatip-ortaokulu&utm_term=karatay",,,,READY_TO_SEND_TODAY
Uluırmak Hürriyet İmam Hatip Ortaokulu,KARATAY,Konya,outdoor_qr,konya_outdoor,qr,bursluluk_2026_school_coverage,karatay-uluirmak-hurriyet-imam-hatip-ortaokulu,https://teachera.com.tr/bursluluk-2026?utm_source=konya_outdoor&utm_medium=qr&utm_campaign=bursluluk_2026_school_coverage&utm_content=karatay-uluirmak-hurriyet-imam-hatip-ortaokulu&utm_term=karatay,"Merhaba Uluırmak Hürriyet İmam Hatip Ortaokulu velileri, Teachera Bursluluk Sinavi 2026 basvurulari acildi. Basvuru linki: https://teachera.com.tr/bursluluk-2026?utm_source=konya_outdoor&utm_medium=qr&utm_campaign=bursluluk_2026_school_coverage&utm_content=karatay-uluirmak-hurriyet-imam-hatip-ortaokulu&utm_term=karatay Sorulariniz icin bu numaraya yazabilirsiniz.","Merhaba Uluırmak Hürriyet İmam Hatip Ortaokulu velileri, Teachera Bursluluk Sinavi 2026 basvurulari acildi. Basvuru linki: https://teachera.com.tr/bursluluk-2026?utm_source=konya_outdoor&utm_medium=qr&utm_campaign=bursluluk_2026_school_coverage&utm_content=karatay-uluirmak-hurriyet-imam-hatip-ortaokulu&utm_term=karatay",,,,READY_TO_SEND_TODAY
Yarma İlkokulu,KARATAY,Konya,social_paid,facebook,paid_social,bursluluk_2026_school_coverage,karatay-yarma-ilkokulu,https://teachera.com.tr/bursluluk-2026?utm_source=facebook&utm_medium=paid_social&utm_campaign=bursluluk_2026_school_coverage&utm_content=karatay-yarma-ilkokulu&utm_term=karatay,"Merhaba Yarma İlkokulu velileri, Teachera Bursluluk Sinavi 2026 basvurulari acildi. Basvuru linki: https://teachera.com.tr/bursluluk-2026?utm_source=facebook&utm_medium=paid_social&utm_campaign=bursluluk_2026_school_coverage&utm_content=karatay-yarma-ilkokulu&utm_term=karatay Sorulariniz icin bu numaraya yazabilirsiniz.","Merhaba Yarma İlkokulu velileri, Teachera Bursluluk Sinavi 2026 basvurulari acildi. Basvuru linki: https://teachera.com.tr/bursluluk-2026?utm_source=facebook&utm_medium=paid_social&utm_campaign=bursluluk_2026_school_coverage&utm_content=karatay-yarma-ilkokulu&utm_term=karatay",,,,READY_TO_SEND_TODAY
Yenikent İlkokulu,KARATAY,Konya,social_paid,instagram,paid_social,bursluluk_2026_school_coverage,karatay-yenikent-ilkokulu,https://teachera.com.tr/bursluluk-2026?utm_source=instagram&utm_medium=paid_social&utm_campaign=bursluluk_2026_school_coverage&utm_content=karatay-yenikent-ilkokulu&utm_term=karatay,"Merhaba Yenikent İlkokulu velileri, Teachera Bursluluk Sinavi 2026 basvurulari acildi. Basvuru linki: https://teachera.com.tr/bursluluk-2026?utm_source=instagram&utm_medium=paid_social&utm_campaign=bursluluk_2026_school_coverage&utm_content=karatay-yenikent-ilkokulu&utm_term=karatay Sorulariniz icin bu numaraya yazabilirsiniz.","Merhaba Yenikent İlkokulu velileri, Teachera Bursluluk Sinavi 2026 basvurulari acildi. Basvuru linki: https://teachera.com.tr/bursluluk-2026?utm_source=instagram&utm_medium=paid_social&utm_campaign=bursluluk_2026_school_coverage&utm_content=karatay-yenikent-ilkokulu&utm_term=karatay",,,,READY_TO_SEND_TODAY
